"authorMeta.avatar","authorMeta.name","text","diggCount","shareCount","playCount","commentCount","videoMeta.duration","musicMeta.musicName","musicMeta.musicAuthor","musicMeta.musicOriginal","createTimeISO","webVideoUrl"
"https://p16-common-sign.tiktokcdn-us.com/tos-useast5-avt-0068-tx/d1886ee1c2b728d19f0a01cfa7ff51a0~tplv-tiktokx-cropcenter:720:720.jpeg?dr=9640&refresh_token=df2e2cdf&x-expires=1777471200&x-signature=3odxzX1RcB2lUesjKrllLbL%2By7I%3D&t=4d5b0474&ps=13740610&shp=a5d48078&shcp=81f88b70&idc=useast8","gabriella_vigorito","I love this trend 🥹💖🎂🐆 #26thbirthday #cheetahbirthday #gabriellavigorito #birthday #itsanewdawn ","22600","1042","719300","140","15","original sound","bookclubcommunity","true","2026-04-06T00:09:05.000Z","https://www.tiktok.com/@gabriella_vigorito/video/7625431473688022285"
"https://p19-common-sign.tiktokcdn-us.com/tos-useast5-avt-0068-tx/33c0808ace339a3514cffd1c7ff90c3a~tplv-tiktokx-cropcenter:720:720.jpeg?dr=9640&refresh_token=1c18a46b&x-expires=1777471200&x-signature=3GRA280vF%2FOqaoOnrNq2rZzhyjk%3D&t=4d5b0474&ps=13740610&shp=a5d48078&shcp=81f88b70&idc=useast8","cam_mcgr","26 !!! 🎂✨🎉🎈

#birthday #26 #birthdaytransition #birthdayidea @Meshki ","1296","235","43700","23","15","original sound","bookclubcommunity","true","2026-03-08T18:49:15.000Z","https://www.tiktok.com/@cam_mcgr/video/7614958683276987662"
"https://p16-common-sign.tiktokcdn-us.com/tos-useast8-avt-0068-tx2/c2a843fc363922c930754bbc479c952e~tplv-tiktokx-cropcenter:720:720.jpeg?dr=9640&refresh_token=c1e2dc49&x-expires=1777471200&x-signature=LFptLyhD%2B2Abk8WkHrpqirQRmMg%3D&t=4d5b0474&ps=13740610&shp=a5d48078&shcp=81f88b70&idc=useast8","sydneyrenayeverhart","time flies when ur having fun ;)🥂🖤✨ #birthdaygirl #birthday #happybirthday #26 #birthdayoutfit ","54100","3358","1100000","286","9","its supposed to be fun turning 26","samcarr","true","2025-12-09T02:15:06.000Z","https://www.tiktok.com/@sydneyrenayeverhart/video/7581675947674340639"
"https://p16-common-sign.tiktokcdn-us.com/tos-useast5-avt-0068-tx/fe67575fadad86dc426788b802bc7cb4~tplv-tiktokx-cropcenter:720:720.jpeg?dr=9640&refresh_token=ecf4b81f&x-expires=1777471200&x-signature=9HmMS1asIXWI%2By6UVdNAoJXnDho%3D&t=4d5b0474&ps=13740610&shp=a5d48078&shcp=81f88b70&idc=useast8","chloeharting2","more birthday details ⭐️🎉 a little talk through of everything I did :)","27900","2077","148800","95","66","original sound","Markthistop❤️","true","2026-04-01T21:29:40.000Z","https://www.tiktok.com/@chloeharting2/video/7623906086906498335"
"https://p16-common-sign.tiktokcdn-us.com/tos-useast5-avt-0068-tx/c2c5e944bbb6978743860788dccc84ef~tplv-tiktokx-cropcenter:720:720.jpeg?dr=9640&refresh_token=533f1cb7&x-expires=1777471200&x-signature=kLscT26oQom11AVkHKom%2BJc7Cr0%3D&t=4d5b0474&ps=13740610&shp=a5d48078&shcp=81f88b70&idc=useast8","facedbypaola","Happy 26th bday to meeeeee🥳

#birthday #26 #bday ","209","2","1302","33","10","original sound","cinemacloudz","true","2026-04-26T12:20:56.000Z","https://www.tiktok.com/@facedbypaola/video/7633041680265923854"
"https://p16-common-sign.tiktokcdn-us.com/tos-alisg-avt-0068/855f7490cd3e0ab97e5f6080ea20fd37~tplv-tiktokx-cropcenter:720:720.jpeg?dr=9640&refresh_token=76bd5830&x-expires=1777471200&x-signature=Sa9fC3EZFHxg6obwurpLNGI%2Bn%2Fc%3D&t=4d5b0474&ps=13740610&shp=a5d48078&shcp=81f88b70&idc=useast8","nayas_journey","It might seem silly to some, pending my 26th birthday and dreading it. 

all I’m thinking about is how behind I am and that the older I get the faster time is running out 😩❤️‍🩹 

losing people young has really made me realise how precious our time really is, add a touch of neurodivergence and you’ve got one panicked 25 y/o 🫡                         #20something #timesrunningout #adultingstruggles #26in2026 #fypage ","139800","4151","1500000","2734","6","original sound","𝐀𝐄𝐂𝐙𝐑𝐕","true","2026-01-28T11:26:24.000Z","https://www.tiktok.com/@nayas_journey/video/7600372324231171346"
"https://p16-common-sign.tiktokcdn-us.com/tos-useast8-avt-0068-tx2/1c5e3483df7bb4512d6727a3e1b9014f~tplv-tiktokx-cropcenter:720:720.jpeg?dr=9640&refresh_token=46ac9a93&x-expires=1777471200&x-signature=o1gPAPY50TpNWvkVi52cYqfUq0M%3D&t=4d5b0474&ps=13740610&shp=a5d48078&shcp=81f88b70&idc=useast8","divinecreation222","golden era loading 💝 i love being a taurus #taurusszn #taurusgirl #birthdayphotoshoot #26thbirthday #goldenbirthday ","86","0","1099","5","5","Blairs birthday","doseofcare","true","2026-04-26T22:16:14.000Z","https://www.tiktok.com/@divinecreation222/video/7633195231264935198"
"https://p16-common-sign.tiktokcdn-us.com/tos-maliva-avt-0068/7326497382099779589~tplv-tiktokx-cropcenter:720:720.jpeg?dr=9640&refresh_token=763460a9&x-expires=1777471200&x-signature=Z%2Bgd6EXGmLDLJSb7Sn6FqogC%2BnE%3D&t=4d5b0474&ps=13740610&shp=a5d48078&shcp=81f88b70&idc=useast8","andrea_yamhure","26 baby!!! Taurus sessonnnn","117","3","1814","3","5","original sound","Meesha🌞","true","2026-04-25T15:44:53.000Z","https://www.tiktok.com/@andrea_yamhure/video/7632723260685208846"
"https://p16-common-sign.tiktokcdn-us.com/tos-useast5-avt-0068-tx/ac272e594eeee6e73301c56cd948f999~tplv-tiktokx-cropcenter:720:720.jpeg?dr=9640&refresh_token=f398fea3&x-expires=1777471200&x-signature=2%2FeL2wduwnxoZe9f3seMJg4G10k%3D&t=4d5b0474&ps=13740610&shp=a5d48078&shcp=81f88b70&idc=useast8","marifernandaaa_","Gods greatest gift ..👧🏻🤍 #viral #fyp ","3189","145","60400","46","8","Dreaming of you","𝓶𝓲𝓻𝓪𝓷𝓭𝓪🌺","true","2026-02-23T00:21:34.000Z","https://www.tiktok.com/@marifernandaaa_/video/7609849129325448461"
"https://p16-common-sign.tiktokcdn-us.com/tos-useast8-avt-0068-tx2/156c243e044d6816456bf029014b2f98~tplv-tiktokx-cropcenter:720:720.jpeg?dr=9640&refresh_token=33468646&x-expires=1777471200&x-signature=MrPP4cRNTDNbPqcUSMpgAw5V8yc%3D&t=4d5b0474&ps=13740610&shp=a5d48078&shcp=81f88b70&idc=useast8","kaittnnicolee","new location unlocked too🩷✨#birthday #transition ","1241","6","27300","30","9","sonido original","ᴜɴ ᴍɪɴᴜᴛᴏ ᴏ ᴍᴀ́s","true","2026-03-29T21:45:33.000Z","https://www.tiktok.com/@kaittnnicolee/video/7622796930715749662"
"https://p19-common-sign.tiktokcdn-us.com/tos-maliva-avt-0068/94dca6a5ce35a3d442e1fb62fd459b83~tplv-tiktokx-cropcenter:720:720.jpeg?dr=9640&refresh_token=9ef0527a&x-expires=1777471200&x-signature=MIqhmEZTN%2Bc3oSxKEQTdhg6DZW0%3D&t=4d5b0474&ps=13740610&shp=a5d48078&shcp=81f88b70&idc=useast8","julietcairnss","what I got for my 26th birthday 🩰🩷🍰

#whatigotformybirthday #birthdayhaul #26 #presentideas #pink  

@Olivia Rodrigo @livies hq 🩷 @Diorbeauty @Charlotte Tilbury @Marks and Spencer @Saucony @Mango @Boots UK @Intimissimi @LUSH ","178","12","2573","10","207","Classic classical gymnopedie solo piano(1034554)","Lyrebirds music","false","2026-04-22T20:08:45.000Z","https://www.tiktok.com/@julietcairnss/video/7631678074970574102"
"https://p16-common-sign.tiktokcdn-us.com/tos-alisg-avt-0068/673778c1e3655214f0043742f45b7ac5~tplv-tiktokx-cropcenter:720:720.jpeg?dr=9640&refresh_token=b4d2dbed&x-expires=1777471200&x-signature=TkiORJwzuxWRPPQMsDS0W4T0an0%3D&t=4d5b0474&ps=13740610&shp=a5d48078&shcp=81f88b70&idc=useast8","madisonn.stewart","26 🥹🎀 feeling so grateful this year, best is yet to come #birthday #26 #pisces #fyp #birthdaycake ","520","22","9024","20","8","What Was I Made For? (Epilogue) [Instrumental Version]","Mark Ronson & Andrew Wyatt","false","2026-03-23T20:25:19.000Z","https://www.tiktok.com/@madisonn.stewart/video/7620549765759028501"
"https://p16-common-sign.tiktokcdn-us.com/tos-alisg-avt-0068/004826cda58f4cc85a5a8cdb9b5bcf58~tplv-tiktokx-cropcenter:720:720.jpeg?dr=9640&refresh_token=59f4deae&x-expires=1777471200&x-signature=pdooKebIgtFdMe9Wm36BEbokv9o%3D&t=4d5b0474&ps=13740610&shp=a5d48078&shcp=81f88b70&idc=useast8","mayar.s.radwan","Happy 26th birthday to me 💖💖
#grwmimi #fyp #foryou #viral #explore ","2596","155","31400","28","15","оригинальный звук","vil","true","2026-04-14T13:00:11.000Z","https://www.tiktok.com/@mayar.s.radwan/video/7628598952551582996"
"https://p16-common-sign.tiktokcdn-us.com/tos-useast5-avt-0068-tx/d1886ee1c2b728d19f0a01cfa7ff51a0~tplv-tiktokx-cropcenter:720:720.jpeg?dr=9640&refresh_token=df2e2cdf&x-expires=1777471200&x-signature=3odxzX1RcB2lUesjKrllLbL%2By7I%3D&t=4d5b0474&ps=13740610&shp=a5d48078&shcp=81f88b70&idc=useast8","gabriella_vigorito","Birthday party outfit… 🐆🎂 #26thbirthday #birthday #bday #birthdaytransition #gabriellavigorito ","5039","17","54400","148","9","original sound","grace","true","2026-04-04T22:39:12.000Z","https://www.tiktok.com/@gabriella_vigorito/video/7625037245841427726"
"https://p19-common-sign.tiktokcdn-us.com/tos-useast8-avt-0068-tx2/cd328ecbd39d43fc760612b71b4c662e~tplv-tiktokx-cropcenter:720:720.jpeg?dr=9640&refresh_token=51289df8&x-expires=1777471200&x-signature=ovwyVpE4a%2FLkBMa7P7wMFaTnwmI%3D&t=4d5b0474&ps=13740610&shp=a5d48078&shcp=81f88b70&idc=useast8","sophiologyofficial","Happy 26th Birthday to meee 🖤🖤 thank you for all the birthday wishes and love 🥹🫶🏽","143000","4551","1800000","821","10","original sound","Ntando Nyide","true","2024-04-24T21:32:30.000Z","https://www.tiktok.com/@sophiologyofficial/video/7361549595425393963"
"https://p19-common-sign.tiktokcdn-us.com/tos-useast5-avt-0068-tx/bf1d0135f583e5b6faf48b685dd8600c~tplv-tiktokx-cropcenter:720:720.jpeg?dr=9640&refresh_token=9bcc6821&x-expires=1777471200&x-signature=GmBLq5s92IAZ%2BWUa0hwrETtQcsQ%3D&t=4d5b0474&ps=13740610&shp=a5d48078&shcp=81f88b70&idc=useast8","itsbeautiful.00","BIG 26 🎈, love my glam team 😍 
Hair: @Dimepiece_1804💎 
Nails: @Candikoatednails 
Hair wash: @Darline j. 
Pedicure: @Hanna 

#Vlog #blackgirl #birthdayprep #vacayprep #twentysix ","3664","50","27600","85","126","original sound","FINE BABE 🇭🇹","true","2026-02-27T21:43:21.000Z","https://www.tiktok.com/@itsbeautiful.00/video/7611663725501730061"
"https://p19-common-sign.tiktokcdn-us.com/tos-alisg-avt-0068/a008dc9470b301f9b0a0046fc6bd85f8~tplv-tiktokx-cropcenter:720:720.jpeg?dr=9640&refresh_token=167e8b94&x-expires=1777471200&x-signature=qqI6PFwudWbRMDYNgzKrXKnSfbc%3D&t=4d5b0474&ps=13740610&shp=a5d48078&shcp=81f88b70&idc=useast8","vnessali","here’s to 26 🤍🎂🍰 #art #acrylicpainting #semiabstractpainting #birthday #26 ","16700","441","213800","80","45","original sound","Vanessa Li","true","2025-10-29T06:05:10.000Z","https://www.tiktok.com/@vnessali/video/7566520780582915335"
"https://p16-common-sign.tiktokcdn-us.com/tos-useast5-avt-0068-tx/31339d7fed5594ecaa7470d7c404b804~tplv-tiktokx-cropcenter:720:720.jpeg?dr=9640&refresh_token=8f8f2c99&x-expires=1777471200&x-signature=koD%2BwVA5ecrYmBIVTG6mMYeiXbE%3D&t=4d5b0474&ps=13740610&shp=a5d48078&shcp=81f88b70&idc=useast8","itstylerkidd","26 is going to be magical ✨🍰 #birthday #26 #pisces ","193","2","2519","41","10","som original","lipe","true","2026-03-07T05:01:01.000Z","https://www.tiktok.com/@itstylerkidd/video/7614374218796403982"
"https://p19-common-sign.tiktokcdn-us.com/tos-useast5-avt-0068-tx/2a006c5da33ae61b545beb9fbeadc169~tplv-tiktokx-cropcenter:720:720.jpeg?dr=9640&refresh_token=1055ad1f&x-expires=1777471200&x-signature=OPjWJKXfiiTjso5OHyUc2eIkOyI%3D&t=4d5b0474&ps=13740610&shp=a5d48078&shcp=81f88b70&idc=useast8","prettiest_youngmom","Happy 26th birthday to me 🤦🏾‍♀️🤦🏾‍♀️ just needed to vent #foryoupageofficial #viralvideo #taurus♉️ #singlemom ","1364","17","11100","564","166","original sound","prettiest_youngmom","true","2026-04-26T23:12:06.000Z","https://www.tiktok.com/@prettiest_youngmom/video/7633209586958355725"
"https://p16-common-sign.tiktokcdn-us.com/tos-useast5-avt-0068-tx/77f54b3ad4391a73e3fbd7c87a6213fb~tplv-tiktokx-cropcenter:720:720.jpeg?dr=9640&refresh_token=11cdca39&x-expires=1777471200&x-signature=3hVjJkR9%2FAdPriL5HBgbgVzAmFA%3D&t=4d5b0474&ps=13740610&shp=a5d48078&shcp=81f88b70&idc=useast8","michaelascott20","26!!🪩🎂
 #birthday #itsmybirthday #birthdaygirl #viralvideo ","417","23","14600","13","10","Was It 26","Chris Stapleton","false","2026-01-20T15:53:11.000Z","https://www.tiktok.com/@michaelascott20/video/7597472169798552887"
"https://p16-common-sign.tiktokcdn-us.com/tos-alisg-avt-0068/5861ee8a16e307ef5322d2073e83fc9e~tplv-tiktokx-cropcenter:720:720.jpeg?dr=9640&refresh_token=9b099c6a&x-expires=1777471200&x-signature=QZIbWAi7LMLZXAia7zGSJLJNExg%3D&t=4d5b0474&ps=13740610&shp=a5d48078&shcp=81f88b70&idc=useast8","nepali_aestheticgirl","#fyp #goviral #collegegirl #nepaligirl #trinity #hot #schooldress ","1256","126","159300","14","12","original sound","k herko🥵💦","true","2023-07-01T20:27:25.000Z","https://www.tiktok.com/@nepali_aestheticgirl/video/7250949496236985607"
"https://p16-common-sign.tiktokcdn-us.com/musically-maliva-obj/1594805258216454~tplv-tiktokx-cropcenter:720:720.jpeg?dr=9640&refresh_token=4d006295&x-expires=1777471200&x-signature=zOcFogk2qbNEoejBTWlhktb6F0U%3D&t=4d5b0474&ps=13740610&shp=a5d48078&shcp=81f88b70&idc=useast8","miss.nepal2","#viral #nepaligirl #college #dress #fyp #tiktoknepal #follow ","19500","919","1500000","385","12","original sound","user30937896698","true","2024-01-03T05:03:57.000Z","https://www.tiktok.com/@miss.nepal2/video/7319733355296148738"
"https://p16-common-sign.tiktokcdn-us.com/tos-alisg-avt-0068/7334741501089906690~tplv-tiktokx-cropcenter:720:720.jpeg?dr=9640&refresh_token=446c68b4&x-expires=1777471200&x-signature=V2%2FMcZPfbCSdi4nECWuamfApPmc%3D&t=4d5b0474&ps=13740610&shp=a5d48078&shcp=81f88b70&idc=useast8","sagarikashrestha06","#CapCut #nepaligirl #fyp #nepali","558","17","33300","25","10","Eyes on you x Zara zara ( Slowed )","Manav","false","2023-05-14T05:51:22.000Z","https://www.tiktok.com/@sagarikashrestha06/video/7232911654248287490"
"https://p16-common-sign.tiktokcdn-us.com/tos-alisg-avt-0068/0b7d9ff1e87fde9426e02dc335e98b19~tplv-tiktokx-cropcenter:720:720.jpeg?dr=9640&refresh_token=11777249&x-expires=1777471200&x-signature=quS3Ysx%2BVUNnPLvMTBAEqS2bOsY%3D&t=4d5b0474&ps=13740610&shp=a5d48078&shcp=81f88b70&idc=useast8","sumanaaaaaaaa","Love the fit❤️","111","0","1471","12","15","original sound","नेपाली सदाबहार गीत","true","2025-11-09T14:36:55.000Z","https://www.tiktok.com/@sumanaaaaaaaa/video/7570734599572098322"
"https://p16-common-sign.tiktokcdn-us.com/tos-alisg-avt-0068/a19c570950a1cb751dc1778f889d6fb4~tplv-tiktokx-cropcenter:720:720.jpeg?dr=9640&refresh_token=53aad569&x-expires=1777471200&x-signature=2SATiDB2mibXT3HGCBk9fRH7Qd0%3D&t=4d5b0474&ps=13740610&shp=a5d48078&shcp=81f88b70&idc=useast8","ae1.ai","Not my problem 😎 Kuch V edit Kar Raha hu 🥲 #schoolgirl #schoolgirlssupervisorsato #collegegirl #collegegirlvibes #viralnepaligirl #nepaligirl ","8193","194","295600","119","14","original sound","SPIDER 🕷️🕸️","true","2024-10-22T04:33:21.000Z","https://www.tiktok.com/@ae1.ai/video/7428453416206126337"
"https://p19-common-sign.tiktokcdn-us.com/tos-useast5-avt-0068-tx/829012e445ae30881224c165041541ee~tplv-tiktokx-cropcenter:720:720.jpeg?dr=9640&refresh_token=c6b82517&x-expires=1777471200&x-signature=WyPBXrBsz7Tz%2FIgmMZilKyDSXK0%3D&t=4d5b0474&ps=13740610&shp=a5d48078&shcp=81f88b70&idc=useast8","alishabhattarai_0","Nursing college life in Nepal is truly the best! 💕 #nepalinurse #usrn #nurselife #nepaligossipgirl  @Gemini girl ❤️🧿🪬 ","1332","118","39500","34","206","original sound","Alisha Chhetri","true","2026-03-11T17:38:42.000Z","https://www.tiktok.com/@alishabhattarai_0/video/7616053645871795470"
"https://p16-common-sign.tiktokcdn-us.com/tos-alisg-avt-0068/3661ece988e9f0ef6c2c91451d2cb9d0~tplv-tiktokx-cropcenter:720:720.jpeg?dr=9640&refresh_token=6b0b3e61&x-expires=1777471200&x-signature=8EyFPiHMQox2BuHkEbSuNTzDcIo%3D&t=4d5b0474&ps=13740610&shp=a5d48078&shcp=81f88b70&idc=useast8","sharmilalama8","#collegegirl #collegelife #nepalitiktok #viraltiktok @Prabes Crestha. 🇳🇵 ","89","1","626","7","20","original sound","Dibash creation","true","2026-04-14T12:17:15.000Z","https://www.tiktok.com/@sharmilalama8/video/7628587875516321044"
"https://p16-common-sign.tiktokcdn-us.com/tos-alisg-avt-0068/57c615e45fbdc6062c4d448ebd311f1d~tplv-tiktokx-cropcenter:720:720.jpeg?dr=9640&refresh_token=6a3df792&x-expires=1777471200&x-signature=av9vpnZODAZ1Nu9tIGOim2OZK6o%3D&t=4d5b0474&ps=13740610&shp=a5d48078&shcp=81f88b70&idc=useast8","snehatimi","College fit check guys🥰#firsttry #unifitcheck #fitcheck #fyp #sneha #nepali #nepaligirl #sydney #australia #internationalstudent #spreadlove #❤️❤️❤️ @Ayusha Timilsina ","860","15","8010","69","20","Who Says","Selena Gomez & The Scene","false","2025-06-05T12:15:13.000Z","https://www.tiktok.com/@snehatimi/video/7512437694358768916"
"https://p16-common-sign.tiktokcdn-us.com/tos-useast5-avt-0068-tx/d7e2d728288b4a265fe164ffcfd726cb~tplv-tiktokx-cropcenter:720:720.jpeg?dr=9640&refresh_token=28f3347f&x-expires=1777471200&x-signature=BOiG2XbOFrgEuVLWpn3jA4ojW9k%3D&t=4d5b0474&ps=13740610&shp=a5d48078&shcp=81f88b70&idc=useast8","atej035","Sex lives of college girls styled scene! #halloweencostume #actingreel #collegegirls #collegegirlsoftiktok #nepalitiktok ","14","2","3980","0","53","original sound","A’Tej","true","2025-08-19T02:34:12.000Z","https://www.tiktok.com/@atej035/video/7540119330072153375"
"https://p16-common-sign.tiktokcdn-us.com/tos-alisg-avt-0068/7235244556688556033~tplv-tiktokx-cropcenter:720:720.jpeg?dr=9640&refresh_token=8cfb9c93&x-expires=1777471200&x-signature=3FX%2FpuWHEfXS5vqj%2FhWyD8kTaDs%3D&t=4d5b0474&ps=13740610&shp=a5d48078&shcp=81f88b70&idc=useast8","sushitagurung4","Quick OOTD check for my college 🤎#nepali girl ","91","0","737","6","22","original sound","🥷ALIZEH🔪✪","true","2026-04-09T09:42:19.000Z","https://www.tiktok.com/@sushitagurung4/video/7626692543480089863"
"https://p16-common-sign.tiktokcdn-us.com/tos-alisg-avt-0068/7334741501089906690~tplv-tiktokx-cropcenter:720:720.jpeg?dr=9640&refresh_token=446c68b4&x-expires=1777471200&x-signature=V2%2FMcZPfbCSdi4nECWuamfApPmc%3D&t=4d5b0474&ps=13740610&shp=a5d48078&shcp=81f88b70&idc=useast8","sagarikashrestha06","Hahaha, good old days!🤪🤪🤪 @niti.acharyaa #nepaligirls #college","179","7","4186","4","11","Low","m_a_r_i_a","true","2023-01-08T18:53:07.000Z","https://www.tiktok.com/@sagarikashrestha06/video/7186356373142162690"
"https://p16-common-sign.tiktokcdn-us.com/tos-alisg-avt-0068/7337082796730646546~tplv-tiktokx-cropcenter:720:720.jpeg?dr=9640&refresh_token=d766d566&x-expires=1777471200&x-signature=eiM2xkutbrw7aJWCpg4oNfwQAug%3D&t=4d5b0474&ps=13740610&shp=a5d48078&shcp=81f88b70&idc=useast8","sona.panday","A day well spent with friends is always a day worth remembering- full of laughter, stories, and little moments that turn into lifelong memories. 😘❤️🧿🌸 @Aniwa shiwakoti💃  @Sabina #Dayout #Friends #collegelife  #fypシ゚viral #Nepali🇳🇵 ","70","3","343","15","9","original sound","آجر ممتد","true","2026-04-27T10:18:35.000Z","https://www.tiktok.com/@sona.panday/video/7633381418525117703"
"https://p16-common-sign.tiktokcdn-us.com/tos-useast8-avt-0068-tx2/06acab05180d597b6f4f3d29f75719ab~tplv-tiktokx-cropcenter:720:720.jpeg?dr=9640&refresh_token=6e01c1e3&x-expires=1777471200&x-signature=qI%2Bgp%2BpqHGpbhlv%2B8OVcJ5baXOE%3D&t=4d5b0474&ps=13740610&shp=a5d48078&shcp=81f88b70&idc=useast8","dhamaka_podcast","tapaiko prashna part 2 #nepalitiktok #nepaligirl","23400","2373","658300","389","64","original sound - Dhamaka Podcast","Dhamaka Podcast","true","2025-09-23T02:33:41.000Z","https://www.tiktok.com/@dhamaka_podcast/video/7553107174596119838"
"https://p16-common-sign.tiktokcdn-us.com/tos-alisg-avt-0068/c677bde3b9cb8588b289ecc855f06c74~tplv-tiktokx-cropcenter:720:720.jpeg?dr=9640&refresh_token=31f7d4b0&x-expires=1777471200&x-signature=iINDASW7aBskVARgcOo5vadk3S0%3D&t=4d5b0474&ps=13740610&shp=a5d48078&shcp=81f88b70&idc=useast8","imsuvangy","Outfit check - Nepali style 💃
#ootd ","9537","1334","146300","46","16","Jun Na Heri","Wangden Sherpa & Sushant Ghimire","false","2025-11-12T06:21:02.000Z","https://www.tiktok.com/@imsuvangy/video/7571720065465339154"
"https://p16-common-sign.tiktokcdn-us.com/tos-maliva-avt-0068/4207e20c88f1aa9af546b655fc62baa6~tplv-tiktokx-cropcenter:720:720.jpeg?dr=9640&refresh_token=d21f5226&x-expires=1777471200&x-signature=PmQPZGpT0iCfZYeye%2F8wINzS%2FdQ%3D&t=4d5b0474&ps=13740610&shp=a5d48078&shcp=81f88b70&idc=useast8","edpeople","Nepali college girls teach me how to dance 🇳🇵","442100","8462","6900000","3564","46","original sound - Ed People","Ed People","true","2024-10-02T12:00:00.000Z","https://www.tiktok.com/@edpeople/video/7420913923198602528"
"https://p16-common-sign.tiktokcdn-us.com/tos-alisg-avt-0068/280859e0cdd724ce42d73c02dc7087c1~tplv-tiktokx-cropcenter:720:720.jpeg?dr=9640&refresh_token=d13f046e&x-expires=1777471200&x-signature=xMp1E9wjFUVUcIo8VcX%2Fr3zd3JI%3D&t=4d5b0474&ps=13740610&shp=a5d48078&shcp=81f88b70&idc=useast8","ksltox","Talking with Nepali girls in Kathmandu🇳🇵 #vlog ","1351","93","53400","9","23","original sound - Kaito","Kaito","true","2025-09-06T13:24:29.000Z","https://www.tiktok.com/@ksltox/video/7546966490235325704"
"https://p16-common-sign.tiktokcdn-us.com/tos-alisg-avt-0068/c6d3ef6c187590832627e3c7a5237319~tplv-tiktokx-cropcenter:720:720.jpeg?dr=9640&refresh_token=3a02f972&x-expires=1777471200&x-signature=ttP2QHga%2BUgW5FtEGDRG%2B5lQl4Y%3D&t=4d5b0474&ps=13740610&shp=a5d48078&shcp=81f88b70&idc=useast8","nepali.modelshub7","Beautiful ❤️❤️❤️
Follow her 💓
Follow us 💘

Kindly DM for credits/removal 😊
 

#nepaligirl #nepalibeautiful #nepalisong #viral #reels #fyp #explore #beautifulgirl #nepali","2299","74","120500","31","13","original sound","nepali.modelshub","true","2025-06-16T15:06:45.000Z","https://www.tiktok.com/@nepali.modelshub7/video/7516563854135020807"
"https://p16-common-sign.tiktokcdn-us.com/tos-useast5-avt-0068-tx/4414ad473367a788bce21ebfb88ae183~tplv-tiktokx-cropcenter:720:720.jpeg?dr=9640&refresh_token=3df481d9&x-expires=1777471200&x-signature=AxmN%2FJQUGsWRUy3JGxDbX9fpdpw%3D&t=4d5b0474&ps=13740610&shp=a5d48078&shcp=81f88b70&idc=useast8","yoasianbrat","Kavreli samdhi dance>> #kavrelisamdi #nepalitiktok ","20200","3430","561600","447","15","original sound","Kavrely Raj Kumar bishwokarma","true","2026-03-08T04:42:21.000Z","https://www.tiktok.com/@yoasianbrat/video/7614740429375933709"
"https://p16-common-sign.tiktokcdn-us.com/tos-alisg-avt-0068/e72e8cbd89ee4d7a70721f677dea02c7~tplv-tiktokx-cropcenter:720:720.jpeg?dr=9640&refresh_token=d30210f6&x-expires=1777471200&x-signature=TOGF5sZ074J70hcns54oP%2BwVUh8%3D&t=4d5b0474&ps=13740610&shp=a5d48078&shcp=81f88b70&idc=useast8","prinsha.shrestha79","Mei pqni pani ho gayi#nepalitiktok #nepaligirl #fypシ゚viral ","44300","818","776100","517","8","Rukum Maikot","Ashok Thapa Magar & S D Yogi & Shanti Shree Pariyar","false","2024-10-10T08:38:13.000Z","https://www.tiktok.com/@prinsha.shrestha79/video/7424063486533045521"
"https://p16-common-sign.tiktokcdn-us.com/tos-alisg-avt-0068/08704547eb991d51f7492daf1d89c8b5~tplv-tiktokx-cropcenter:720:720.jpeg?dr=9640&refresh_token=80557cd6&x-expires=1777471200&x-signature=gdw4MkbuZ3BuHjTxIpskpX99M7o%3D&t=4d5b0474&ps=13740610&shp=a5d48078&shcp=81f88b70&idc=useast8","boing.boing000","#fypシ゚viral🖤tiktok #hot #girl #viral #nepalitiktok","8777","651","651900","309","13","original sound - Thulo Bubu","Thulo pahad","true","2025-08-30T14:53:37.000Z","https://www.tiktok.com/@boing.boing000/video/7544391866557451528"
"https://p16-common-sign.tiktokcdn-us.com/tos-useast8-avt-0068-tx2/4f8e9d55a8c1d50d7b2cbe1f9af263b3~tplv-tiktokx-cropcenter:720:720.jpeg?dr=9640&refresh_token=fa9d614a&x-expires=1777471200&x-signature=RSHwTpTx4od9mVWrrL83mjzjvxs%3D&t=4d5b0474&ps=13740610&shp=a5d48078&shcp=81f88b70&idc=useast8","shriyapatll","everything I did for my 25th in chiii - everything is linked in my bio :) 
#birthdaythemes #25thbirthday #25thbirthdaytheme #coolgirlbirthdaytheme #lucky25 ","99","4","2420","4","85","original sound","shriya","true","2026-04-22T15:37:05.000Z","https://www.tiktok.com/@shriyapatll/video/7631608037094034719"
"https://p16-common-sign.tiktokcdn-us.com/tos-useast2a-avt-0068-euttp/8bc924a88651a3cc6c0e360302ecdab5~tplv-tiktokx-cropcenter:720:720.jpeg?dr=9640&refresh_token=0525ce05&x-expires=1777471200&x-signature=RUGwnZGltWZFoJfobIGCltnAKkE%3D&t=4d5b0474&ps=13740610&shp=a5d48078&shcp=81f88b70&idc=useast8","tpwkmanou","HAPPY BDAY TO ME THOUGH HIHI XX #birthday #25 #2001 ","582","33","6636","39","11","original sound","Averagefashionblogger","true","2026-04-19T10:00:14.000Z","https://www.tiktok.com/@tpwkmanou/video/7630408010019474721"
"https://p16-common-sign.tiktokcdn-us.com/tos-maliva-avt-0068/55e382b9455666ec35054370985935fb~tplv-tiktokx-cropcenter:720:720.jpeg?dr=9640&refresh_token=d73dbcc6&x-expires=1777471200&x-signature=uzOmLEs4Ic1PIVeCD3udRAxAZow%3D&t=4d5b0474&ps=13740610&shp=a5d48078&shcp=81f88b70&idc=useast8","kallmekris","Quarter Life Achieved🏆🎉","2100000","9571","12200000","37100","12","All Eyes On Me","Bo Burnham","false","2021-07-01T18:21:55.000Z","https://www.tiktok.com/@kallmekris/video/6980024995611168005"
"https://p16-common-sign.tiktokcdn-us.com/tos-useast5-avt-0068-tx/c0d2dce8b0b13086cc8c3d61fd3c64c8~tplv-tiktokx-cropcenter:720:720.jpeg?dr=9640&refresh_token=28f6f719&x-expires=1777471200&x-signature=XzniEa6gkosForGAuiH49ZLTzvc%3D&t=4d5b0474&ps=13740610&shp=a5d48078&shcp=81f88b70&idc=useast8","lindsforthegirls","Feeling SO SO spoiled and loved 🥹✨🎂💖 one of my favorite birthdays ever!! #birthday #birthdayhaul #happybirthdaytome #25thbirthday #birthdaypresent @OLIPOP @Chomps @jolieskinco ","366","10","9705","32","190","original sound","lindsforthegirls","true","2026-03-11T22:37:34.000Z","https://www.tiktok.com/@lindsforthegirls/video/7616130762483518734"
"https://p19-common-sign.tiktokcdn-us.com/tos-maliva-avt-0068/4060ffd534a7d8431ac9c5e1ba4a6cd0~tplv-tiktokx-cropcenter:720:720.jpeg?dr=9640&refresh_token=c9981a27&x-expires=1777471200&x-signature=D5Gg2Xj4aI%2BD1Bl1tgujxWLEiC8%3D&t=4d5b0474&ps=13740610&shp=a5d48078&shcp=81f88b70&idc=useast8","missannagrace_","spend my 25th birthday with me⭐️💌 #birthday #25 #birthdayvlog #spendthedaywithme #vlog ","5499","60","66400","31","61","La Valse d'Amélie","Invadable Harmony","false","2025-12-18T18:52:29.000Z","https://www.tiktok.com/@missannagrace_/video/7585272779432365334"
"https://p16-common-sign.tiktokcdn-us.com/tos-maliva-avt-0068/429d62c81084fd37303f51f67ac572d7~tplv-tiktokx-cropcenter:720:720.jpeg?dr=9640&refresh_token=4d337e5a&x-expires=1777471200&x-signature=%2FJoIgbS8P7b0jYpbpr8b5yUjRZY%3D&t=4d5b0474&ps=13740610&shp=a5d48078&shcp=81f88b70&idc=useast8","iamsarah80","New Chapter Unlocked❤️       

#fyp #birthdaytrend #25thbirthday #feelinggood #birthday ","1114","23","7422","11","15","original sound","bookclubcommunity","true","2026-04-15T11:47:49.000Z","https://www.tiktok.com/@iamsarah80/video/7628951353917820190"
"https://p16-common-sign.tiktokcdn-us.com/tos-useast5-avt-0068-tx/9f7025931a5388e1e080d74afc10e5c4~tplv-tiktokx-cropcenter:720:720.jpeg?dr=9640&refresh_token=b1cbdc90&x-expires=1777471200&x-signature=uHJaFlcbUGMAu1aP8wvdlxNrmDE%3D&t=4d5b0474&ps=13740610&shp=a5d48078&shcp=81f88b70&idc=useast8","mikncakes","Let me tell you, edible printer is a game changer.. Swift fans this is for you 🖤

#25thbirthday #taylorswiftcake ","8424","986","82300","19","7","original sound","overlays ⸆⸉","true","2026-04-22T13:44:28.000Z","https://www.tiktok.com/@mikncakes/video/7631579018449423629"
"https://p16-common-sign.tiktokcdn-us.com/tos-useast5-avt-0068-tx/e4e8fe081343da7a2ccbbe13ea0e9bf8~tplv-tiktokx-cropcenter:720:720.jpeg?dr=9640&refresh_token=5eb4e912&x-expires=1777471200&x-signature=8xALLB%2BhxeilYNdMaQ1gxqG%2B%2Fc4%3D&t=4d5b0474&ps=13740610&shp=a5d48078&shcp=81f88b70&idc=useast8","miniskurrt","my birthday isn't until October but I'm ready NOWWWW where my #libras at?? #purebliss ","76700","2469","432100","285","8","original sound","tae","true","2025-07-29T23:22:03.000Z","https://www.tiktok.com/@miniskurrt/video/7532648128714001695"
"https://p16-common-sign.tiktokcdn-us.com/tos-useast5-avt-0068-tx/4b55eefa9322c3cc9f6bc0648f094cfe~tplv-tiktokx-cropcenter:720:720.jpeg?dr=9640&refresh_token=a48b1b87&x-expires=1777471200&x-signature=JiNaI1VFBvI1U5R7GEdvMa%2BZpP0%3D&t=4d5b0474&ps=13740610&shp=a5d48078&shcp=81f88b70&idc=useast8","kaitlin_elisabethh","I’ll never be able to tell you guys how much this meant to me 🩷 @ashleynev52 @Jorden Griggs @court 💫 Jacob and Sabrina 🩷 #25thbirthday #fyp #bekindtoyourself #love ","89","3","913","9","32","original sound","chloe","true","2026-04-27T03:31:29.000Z","https://www.tiktok.com/@kaitlin_elisabethh/video/7633276432226979085"
"https://p16-common-sign.tiktokcdn-us.com/tos-useast8-avt-0068-tx2/8ef998d28bfbc2dcf1cb6464efe1b326~tplv-tiktokx-cropcenter:720:720.jpeg?dr=9640&refresh_token=f7aeaaaa&x-expires=1777471200&x-signature=ONode8GwfoXI9ww0PpfpUhdr%2BjY%3D&t=4d5b0474&ps=13740610&shp=a5d48078&shcp=81f88b70&idc=useast8","kendalltaylorwhite","25 sounds so crazy!!! I had such an amazing day and felt all the love 🥹🥹💗 #girlyaesthetic #dayinmylife #dayinmylifevlog #dailyvlogs #birthdaygirl ","804","22","16400","31","43","Suddenly I See by KT Tunstall","Дхулайаскулчай Ендха @Муска","true","2026-01-14T02:14:20.000Z","https://www.tiktok.com/@kendalltaylorwhite/video/7595034800205991199"
"https://p16-common-sign.tiktokcdn-us.com/tos-useast5-avt-0068-tx/3992bec62818edf63607b1c95a74a09a~tplv-tiktokx-cropcenter:720:720.jpeg?dr=9640&refresh_token=0276d5cf&x-expires=1777471200&x-signature=e5Zz5vjprQvX4TYlXIgHZ8GOoYQ%3D&t=4d5b0474&ps=13740610&shp=a5d48078&shcp=81f88b70&idc=useast8","aubreemaymurphy","I have the greatest friends & family & people in my corner. I love them all so so much & I’m just so so grateful🩷🩷🩷 #birthdayhaul #birthday #birthdaygifts ","5221","49","49400","61","206","Good Vibes","ClearTone","false","2026-03-26T19:08:46.000Z","https://www.tiktok.com/@aubreemaymurphy/video/7621643273324612878"
"https://p19-common-sign.tiktokcdn-us.com/tos-maliva-avt-0068/d870ea5a11bfa9aac80c1b5420b8a32d~tplv-tiktokx-cropcenter:720:720.jpeg?dr=9640&refresh_token=2c12b392&x-expires=1777471200&x-signature=6qQTPWyXlvMCd6BDtIs4uxNrPx8%3D&t=4d5b0474&ps=13740610&shp=a5d48078&shcp=81f88b70&idc=useast8","_magdalen_a_","25th Birthday 🎂🩷
#birthday #25birthday #birthdaysong #25 #fyp ","11000","832","217500","84","7","original sound","tasha","true","2026-01-23T07:23:55.000Z","https://www.tiktok.com/@_magdalen_a_/video/7598454283545087264"
"https://p16-common-sign.tiktokcdn-us.com/tos-useast5-avt-0068-tx/04efd595a92e9cc9ae8b3c5158c002d3~tplv-tiktokx-cropcenter:720:720.jpeg?dr=9640&refresh_token=919c493b&x-expires=1777471200&x-signature=QRVSCia3F8YSPgpBKllbC3cYdoc%3D&t=4d5b0474&ps=13740610&shp=a5d48078&shcp=81f88b70&idc=useast8","lukeandalexis1","Happy 25th Birthday! ❤️🥳 #couple #birthday #25thbirthday #birthdaysurprise ","764","10","12000","21","48","DAISIES","Justin Bieber","false","2026-04-26T20:33:56.000Z","https://www.tiktok.com/@lukeandalexis1/video/7633168843782835469"
"https://p16-common-sign.tiktokcdn-us.com/tos-useast5-avt-0068-tx/cf4a4181da062ee13ce2d26d3f459827~tplv-tiktokx-cropcenter:720:720.jpeg?dr=9640&refresh_token=6f501a28&x-expires=1777471200&x-signature=xxSpFAO2Ytnxm0%2FRxiMWTeS%2FqeU%3D&t=4d5b0474&ps=13740610&shp=a5d48078&shcp=81f88b70&idc=useast8","hotgingeralert","25 years of being a lover boy. #birthday #25 #2026 #lessons #relateable ","133","2","1448","10","164","Reflection on Peace","Adauto Assis","false","2026-03-23T00:14:01.000Z","https://www.tiktok.com/@hotgingeralert/video/7620237561398611214"
"https://p16-common-sign.tiktokcdn-us.com/tos-alisg-avt-0068/bf86e2fe0ff69dfbd0b0fed762e8e2dc~tplv-tiktokx-cropcenter:720:720.jpeg?dr=9640&refresh_token=6b89e480&x-expires=1777471200&x-signature=IYZvL8ZfAflDxSlDgABF2miZyqU%3D&t=4d5b0474&ps=13740610&shp=a5d48078&shcp=81f88b70&idc=useast8","rrosie_tm","Happy birthday my love 🎀💗 Can you tell her favourite colour is pink? @SimplyFelicity🫧 #bestfriend #birthdaygirl #birthdaysurprise ","41200","2767","193600","307","31","best friends","karissa🧸","true","2026-01-11T07:52:37.000Z","https://www.tiktok.com/@rrosie_tm/video/7594008783307689223"
"https://p16-common-sign.tiktokcdn-us.com/tos-useast8-avt-0068-tx2/da7570c1856064ca3d8d87239d494c2d~tplv-tiktokx-cropcenter:720:720.jpeg?dr=9640&refresh_token=3054cb18&x-expires=1777471200&x-signature=u0YfbVhTBgkPkZhnO5gTW%2Btefic%3D&t=4d5b0474&ps=13740610&shp=a5d48078&shcp=81f88b70&idc=useast8","miafokas","they really didn’t have to get me anything however I appreciate the love and how they helped make my 25th amazing 

@Juicy Couture 
@Ed Hardy 
@SAND + FOG 

#birthday #25 #birthdayvibes #capricorn #fyp ","185","1","1834","59","285","original sound","Mia Fokas 🪬","true","2025-12-23T04:59:15.000Z","https://www.tiktok.com/@miafokas/video/7586913385187495199"
"https://p16-common-sign.tiktokcdn-us.com/tos-alisg-avt-0068/b2b881016a9b3bcf89e3df800359f064~tplv-tiktokx-cropcenter:720:720.jpeg?dr=9640&refresh_token=e94f2734&x-expires=1777471200&x-signature=P6Gbb8e4%2BNx%2FfSb23JkzCVC00P4%3D&t=4d5b0474&ps=13740610&shp=a5d48078&shcp=81f88b70&idc=useast8","shaannnell","This is your sign to book that birthday photoshoot 🙂‍↕️ #25thbirthday #25 #photoshoot #birthdayphotoshoot ","24100","548","113600","120","13","Kitty x Diced Pineapples","❀⭒៚ Javyluvmixes ៚⭒❀","true","2026-04-20T12:11:23.000Z","https://www.tiktok.com/@shaannnell/video/7630812892358626568"
"https://p16-common-sign.tiktokcdn-us.com/tos-useast8-avt-0068-tx2/5ba60c20a6481ed621de5b383eee2373~tplv-tiktokx-cropcenter:720:720.jpeg?dr=9640&refresh_token=808e5f93&x-expires=1777471200&x-signature=7AC7hqXv8wPLHQG9C3XYuB3xk4o%3D&t=4d5b0474&ps=13740610&shp=a5d48078&shcp=81f88b70&idc=useast8","builtbycass","#25thbirthday #birthdaygirl #birthdayideas ","71","0","7627","37","42","original sound","Cassidy Rose","true","2026-01-27T18:32:52.000Z","https://www.tiktok.com/@builtbycass/video/7600111089585540383"
"https://p16-common-sign.tiktokcdn-us.com/tos-useast8-avt-0068-tx2/c0042fde3032e0dc4e6a84a7cc9b4898~tplv-tiktokx-cropcenter:720:720.jpeg?dr=9640&refresh_token=2c2a059a&x-expires=1777471200&x-signature=XdfRiRfXbURB%2BKOL%2Bw8AsYEKd0c%3D&t=4d5b0474&ps=13740610&shp=a5d48078&shcp=81f88b70&idc=useast8","katmshort","25!!! be my NY when Hollywood hates me 🤭🪩 #birthday #birthdaygirl #birthdayidea #25 #25thbirthday ","77","2","991","2","9","Elizabeth Taylor","Taylor Swift","false","2026-04-22T13:00:00.000Z","https://www.tiktok.com/@katmshort/video/7631412545693306143"
"https://p16-common-sign.tiktokcdn-us.com/tos-useast5-avt-0068-tx/23e8ee56c379e235b6bb475099f6d87c~tplv-tiktokx-cropcenter:720:720.jpeg?dr=9640&refresh_token=f2ac55db&x-expires=1777471200&x-signature=sxqAp0Grwz087Wqtu1oYed5VoJw%3D&t=4d5b0474&ps=13740610&shp=a5d48078&shcp=81f88b70&idc=useast8","thechynahoward","LOVED CURACAO 🥹🇨🇼

#fyp #birthdayvacay #curaçao #foryoupageofficiall #foryoupage ","561","22","7248","17","90","Tropical","Izabella Creator BM","false","2026-04-14T17:00:00.000Z","https://www.tiktok.com/@thechynahoward/video/7628049591505603854"
"https://p16-sign-sg.tiktokcdn.com/tos-alisg-avt-0068/351ecc1fc27a5e868b37ba83b6e85886~tplv-tiktokx-cropcenter:720:720.jpeg?dr=14579&refresh_token=3246dcd5&x-expires=1777471200&x-signature=q5rQAWDnX41RUE63TmiB%2FeEqu%2Fo%3D&t=4d5b0474&ps=13740610&shp=a5d48078&shcp=81f88b70&idc=my","shrwanshah4","#youthfashion #rambabubastralaya #deliveryallovernepal🇳🇵 
no.9779819880498
no.9779816821033
#viralyouthfashion #dhanauji ","1200","28","13200","45","49","original sound","Youth fashion","true","2026-04-02T08:09:23.000Z","https://www.tiktok.com/@shrwanshah4/video/7624070995317411092"
"https://p16-sign-sg.tiktokcdn.com/tos-alisg-avt-0068/351ecc1fc27a5e868b37ba83b6e85886~tplv-tiktokx-cropcenter:720:720.jpeg?dr=14579&refresh_token=3246dcd5&x-expires=1777471200&x-signature=q5rQAWDnX41RUE63TmiB%2FeEqu%2Fo%3D&t=4d5b0474&ps=13740610&shp=a5d48078&shcp=81f88b70&idc=my","shrwanshah4","#youthfashion #rambabubastralaya #deliveryallovernepal🇳🇵 
no.9779819880498
no.9779816821033
#viralyouthfashion #dhanauji @Ŝ𝐚𝓝𝒿𝓪𝔂 💓🦋 ","3643","129","38100","176","52","original sound","Youth fashion","true","2026-04-08T14:28:16.000Z","https://www.tiktok.com/@shrwanshah4/video/7626395144979614996"
"https://p16-sign-sg.tiktokcdn.com/tos-alisg-avt-0068/351ecc1fc27a5e868b37ba83b6e85886~tplv-tiktokx-cropcenter:720:720.jpeg?dr=14579&refresh_token=3246dcd5&x-expires=1777471200&x-signature=q5rQAWDnX41RUE63TmiB%2FeEqu%2Fo%3D&t=4d5b0474&ps=13740610&shp=a5d48078&shcp=81f88b70&idc=my","shrwanshah4","#youthfashion #rambabubastralaya #deliveryallovernepal🇳🇵 
no.9779819880498
no.9779816821033
#viralyouthfashion #dhanauji ","1259","89","20100","44","39","original sound","Youth fashion","true","2026-04-05T08:24:41.000Z","https://www.tiktok.com/@shrwanshah4/video/7625188195155594516"
"https://p16-sign-sg.tiktokcdn.com/tos-alisg-avt-0068/351ecc1fc27a5e868b37ba83b6e85886~tplv-tiktokx-cropcenter:720:720.jpeg?dr=14579&refresh_token=3246dcd5&x-expires=1777471200&x-signature=q5rQAWDnX41RUE63TmiB%2FeEqu%2Fo%3D&t=4d5b0474&ps=13740610&shp=a5d48078&shcp=81f88b70&idc=my","shrwanshah4","#youthfashion #rambabubastralaya #deliveryallovernepal🇳🇵 
no.9779819880498
no.9779816821033
#viralyouthfashion #dhanauji ","879","28","12100","33","40","original sound","Bhojpuriyaactors🎼","true","2026-04-03T14:11:52.000Z","https://www.tiktok.com/@shrwanshah4/video/7624535487423761684"
"https://p16-sign-sg.tiktokcdn.com/tos-alisg-avt-0068/ede2e028d79b01d1273a1c8fe17d064a~tplv-tiktokx-cropcenter:720:720.jpeg?dr=14579&refresh_token=f04c67f5&x-expires=1777471200&x-signature=PSUKoKirKL4csQem7H3sLxCwgww%3D&t=4d5b0474&ps=13740610&shp=a5d48078&shcp=81f88b70&idc=my","yobeautycraftsbyshalu26","#creatorsearchinsights #youthfulstyle #nepalitiktok #beautycraftshalu #fyp ","174","1","1024","10","12","original sound - YoBeauty Craft | Shalu🇳🇵🇯🇵","YoBeauty Crafts  Shalu🤍","true","2026-01-14T10:40:26.000Z","https://www.tiktok.com/@yobeautycraftsbyshalu26/video/7595165261263555860"
"https://p16-sign-sg.tiktokcdn.com/tos-alisg-avt-0068/351ecc1fc27a5e868b37ba83b6e85886~tplv-tiktokx-cropcenter:720:720.jpeg?dr=14579&refresh_token=3246dcd5&x-expires=1777471200&x-signature=q5rQAWDnX41RUE63TmiB%2FeEqu%2Fo%3D&t=4d5b0474&ps=13740610&shp=a5d48078&shcp=81f88b70&idc=my","shrwanshah4","#youthfashion #rambabubastralaya #deliveryallovernepal🇳🇵 
no.9779819880498
no.9779816821033
#viralyouthfashion #dhanauji ","850","18","13000","36","46","original sound","KHAN SAAB DA FAN 🔥","true","2026-03-27T13:40:55.000Z","https://www.tiktok.com/@shrwanshah4/video/7621929900710137109"
"https://p16-sign-sg.tiktokcdn.com/tos-alisg-avt-0068/351ecc1fc27a5e868b37ba83b6e85886~tplv-tiktokx-cropcenter:720:720.jpeg?dr=14579&refresh_token=3246dcd5&x-expires=1777471200&x-signature=q5rQAWDnX41RUE63TmiB%2FeEqu%2Fo%3D&t=4d5b0474&ps=13740610&shp=a5d48078&shcp=81f88b70&idc=my","shrwanshah4","Nepalcanmove #youthfashion #rambabubastralaya #deliveryallovernepal🇳🇵 
no.9779819880498
no.9779816821033
#viralyouthfashion #dhanauji ","2154","29","24000","79","29","original sound","Youth fashion","true","2026-04-04T07:47:21.000Z","https://www.tiktok.com/@shrwanshah4/video/7624807470514375957"
"https://p16-sign-sg.tiktokcdn.com/tos-alisg-avt-0068/351ecc1fc27a5e868b37ba83b6e85886~tplv-tiktokx-cropcenter:720:720.jpeg?dr=14579&refresh_token=3246dcd5&x-expires=1777471200&x-signature=q5rQAWDnX41RUE63TmiB%2FeEqu%2Fo%3D&t=4d5b0474&ps=13740610&shp=a5d48078&shcp=81f88b70&idc=my","shrwanshah4","#youthfashion #rambabubastralaya #deliveryallovernepal🇳🇵 
no.9779819880498
no.9779816821033
#viralyouthfashion #dhanauji ","1023","7","14100","39","17","original sound","A4 Gamer","true","2026-04-06T01:56:39.000Z","https://www.tiktok.com/@shrwanshah4/video/7625459267105082644"
"https://p16-sign-sg.tiktokcdn.com/tos-alisg-avt-0068/437f872c71828e8518f1628c854bb18c~tplv-tiktokx-cropcenter:720:720.jpeg?dr=14579&refresh_token=0b831a00&x-expires=1777471200&x-signature=A%2BSa6cjJZWgI9m%2FpZsdH%2BvJkRdg%3D&t=4d5b0474&ps=13740610&shp=a5d48078&shcp=81f88b70&idc=my","mallikagg97","Casual Tuesday 🚶 #fashiontiktok #streetwearfashion #nepalistreetwear #baggyoutfit #ootd #fyppppppp ","2440","219","83200","25","12","son original","🎧🎵💆","true","2025-04-22T12:40:35.000Z","https://www.tiktok.com/@mallikagg97/video/7496116507995294984"
"https://p16-common-sign.tiktokcdn.com/tos-alisg-avt-0068/0f6ccf2251cf262832d6c8c29c9f4698~tplv-tiktokx-cropcenter:720:720.jpeg?dr=14579&refresh_token=ebd00ddd&x-expires=1777471200&x-signature=g%2FRA2ql4b%2F5jz9c3GRnojUDey5Q%3D&t=4d5b0474&ps=13740610&shp=a5d48078&shcp=81f88b70&idc=my","nauloclothing","Step up your street game with Naulo Clothing 💯👕
Slide into DMs & grab yours now! 📩
#NauloClothing #NepalFashion #StreetWearNepal #UrbanStyle #YouthVibes ","26","4","481","0","12","original sound","Sushmita KC","true","2026-02-15T05:09:05.000Z","https://www.tiktok.com/@nauloclothing/video/7606954613950008583"
"https://p16-sign-sg.tiktokcdn.com/tos-alisg-avt-0068/351ecc1fc27a5e868b37ba83b6e85886~tplv-tiktokx-cropcenter:720:720.jpeg?dr=14579&refresh_token=3246dcd5&x-expires=1777471200&x-signature=q5rQAWDnX41RUE63TmiB%2FeEqu%2Fo%3D&t=4d5b0474&ps=13740610&shp=a5d48078&shcp=81f88b70&idc=my","shrwanshah4","#youthfashion #9819880498 #9816821033 #deliveryallovernepal🇳🇵 #luckyshah298 #shrwanshah #dhanauji #dhanusha #foryou #explore ","582","16","8666","14","23","original sound","Bhøjpuri Løver🤤💃💥","true","2025-07-15T15:19:51.000Z","https://www.tiktok.com/@shrwanshah4/video/7527328703160913159"
"https://p16-common-sign.tiktokcdn.com/tos-maliva-avt-0068/d23991274ea42a294d2ed93fd2a40191~tplv-tiktokx-cropcenter:720:720.jpeg?dr=14579&refresh_token=2164b4e2&x-expires=1777471200&x-signature=DRxfQ4AAuai9BekRxGLfrhOLUto%3D&t=4d5b0474&ps=13740610&shp=a5d48078&shcp=81f88b70&idc=my","saleenalimbu0","Limbuni with her labubu🇳🇵🫶🏼

#OOTD #styleinspo #outfitcheck #limbuculture #labubu #nepalitiktok #creatorsearchinsights #TraditionalOutfit#fyp #chumlung ","782","33","27300","22","8","Shake It To The Max (FLY) (Remix)","MOLIY & Skillibeng & Shenseea","false","2025-07-19T22:49:06.000Z","https://www.tiktok.com/@saleenalimbu0/video/7528928813036719382"
"https://p16-common-sign.tiktokcdn.com/tos-alisg-avt-0068/87fe89b5986be0f577d6c62de6370625~tplv-tiktokx-cropcenter:720:720.jpeg?dr=14579&refresh_token=4f190016&x-expires=1777471200&x-signature=zA9GS2Tiumju2Ug85I1TKCmCxl8%3D&t=4d5b0474&ps=13740610&shp=a5d48078&shcp=81f88b70&idc=my","nirajan.unique.fancy","Nepal drip🇳🇵 🈲 drip outfit for this summer😎🔥😎 @nj.closet99 

Tt nirajanuniquefancy
Ig nj.closet99

Size - m l xl 

Location 📍Thulo bharyang swoyambhu kathmandu
.
.
.
.
.
.
#foryou  #combo #drip #outfit #reddrip #fashion #trending #outfits #fashion #reels #goviral #fyp 

We do shipping all over nepal & worldwide✈️✈️

Kindly do follow our page for more updates❤️☺️

Thank you all ❤️❤️❤️❤️","38900","466","1200000","114","17","original sound","Party event Butwal","true","2025-06-15T14:19:51.000Z","https://www.tiktok.com/@nirajan.unique.fancy/video/7516180690585537810"
"https://p16-sign-sg.tiktokcdn.com/tos-alisg-avt-0068/ffe373a5956831f9a1ea5763a787ef41~tplv-tiktokx-cropcenter:720:720.jpeg?dr=14579&refresh_token=499c9e57&x-expires=1777471200&x-signature=gluI47902wLyiDqj5mRatO1ZHV4%3D&t=4d5b0474&ps=13740610&shp=a5d48078&shcp=81f88b70&idc=my","nova_culture1","Trendy & Youth Style Upgrade your style with this trendy T-shirt, designed to stand out effortlessly. With its unique design and premium comfort, it's perfect for casual outings, hangouts, or making a statement wherever you go.

#creatorsearchinsights ","35","0","504","3","24","original sound","Nova Culture","true","2026-03-18T02:47:31.000Z","https://www.tiktok.com/@nova_culture1/video/7618421758340893973"
"https://p16-sign-sg.tiktokcdn.com/tos-alisg-avt-0068/351ecc1fc27a5e868b37ba83b6e85886~tplv-tiktokx-cropcenter:720:720.jpeg?dr=14579&refresh_token=3246dcd5&x-expires=1777471200&x-signature=q5rQAWDnX41RUE63TmiB%2FeEqu%2Fo%3D&t=4d5b0474&ps=13740610&shp=a5d48078&shcp=81f88b70&idc=my","shrwanshah4","#youthfashion #rambabubastralaya #deliveryallovernepal🇳🇵 
no.9779819880498
no.9779816821033
#viralyouthfashion #dhanauji ","1930","63","28400","47","39","original sound","Youth fashion","true","2026-04-06T09:45:05.000Z","https://www.tiktok.com/@shrwanshah4/video/7625579984467315988"
"https://p16-common-sign.tiktokcdn.com/tos-alisg-avt-0068/677258fcf4eafd548dd6c4770804c730~tplv-tiktokx-cropcenter:720:720.jpeg?dr=14579&refresh_token=b94a650b&x-expires=1777471200&x-signature=xCIC%2BdiHr5ENqPgf0s7bOjQY9Dc%3D&t=4d5b0474&ps=13740610&shp=a5d48078&shcp=81f88b70&idc=my","hangger_","Perfect Formal outfit for this Dashain❤️
Dm us on insta:HANGGER
Home Delivery all over Nepal🇳🇵
Call☎️9765779363
Visit store: Surkhet, Bichbazar
#hangger #surkhetmuser.
#birendranagar_surkhet #NEPAL
#foryounepal #kathmandu #lalitpur
#bhaktapur #boudha #australia #japan
#jhapa #illam #ithari #pokhara #butwal
#dang #ghorahi #tiktoknepal #nepal #*dubai
#Unfreeze #combo #cargo #converse
#acket #icebelt #dailekh
#mehelkuna_surkhet #chinchu #ithari #bara
#australia #hangger #japan #pokhara
#nawalpur #jhapa #koholpur
#koteshwor_kathmandU #goviral #fypnepal
#nepalimuser #kyoto #canada #sydney
#newroadpokhara","100800","12800","2100000","1176","13","TIMI NACHA NA RELEASING SOON","Wangden Sherpa","true","2023-10-12T12:16:06.000Z","https://www.tiktok.com/@hangger_/video/7289044667826441474"
"https://p16-common-sign.tiktokcdn-us.com/tos-alisg-avt-0068/c677bde3b9cb8588b289ecc855f06c74~tplv-tiktokx-cropcenter:720:720.jpeg?dr=9640&refresh_token=31f7d4b0&x-expires=1777471200&x-signature=iINDASW7aBskVARgcOo5vadk3S0%3D&t=4d5b0474&ps=13740610&shp=a5d48078&shcp=81f88b70&idc=useast8","imsuvangy","Outfit check - Nepali style 💃
#ootd ","9537","1335","146300","46","16","Jun Na Heri","Wangden Sherpa & Sushant Ghimire","false","2025-11-12T06:21:02.000Z","https://www.tiktok.com/@imsuvangy/video/7571720065465339154"
"https://p16-sign-sg.tiktokcdn.com/tos-alisg-avt-0068/351ecc1fc27a5e868b37ba83b6e85886~tplv-tiktokx-cropcenter:720:720.jpeg?dr=14579&refresh_token=3246dcd5&x-expires=1777471200&x-signature=q5rQAWDnX41RUE63TmiB%2FeEqu%2Fo%3D&t=4d5b0474&ps=13740610&shp=a5d48078&shcp=81f88b70&idc=my","shrwanshah4","#youthfashion #rambabubastralaya #deliveryallovernepal🇳🇵 
no.9779819880498
no.9779816821033
#viralyouthfashion #dhanauji ","1645","36","26600","51","38","original sound","𝐍𝐨 𝐍𝐚𝐦𝐞 ⚜️🦅","true","2026-03-17T06:58:27.000Z","https://www.tiktok.com/@shrwanshah4/video/7618115288160324885"
"https://p16-sign-sg.tiktokcdn.com/tos-alisg-avt-0068/1549c4361506cb8e6c06692b5fd537d2~tplv-tiktokx-cropcenter:720:720.jpeg?dr=14579&refresh_token=61afb44c&x-expires=1777471200&x-signature=PD9uHtB3ufUiYA5kj0bOif89nyk%3D&t=4d5b0474&ps=13740610&shp=a5d48078&shcp=81f88b70&idc=my","notursup7","Rate this outfit out of ten??🤪

#foryoupage #outfit #streetstyle #nepali #fashiontiktok #fashioninspo #recreation ","5026","159","176700","47","16","original sound","notursup","true","2025-04-21T12:41:54.000Z","https://www.tiktok.com/@notursup7/video/7495745754829573384"
"https://p16-common-sign.tiktokcdn.com/tos-alisg-avt-0068/2791be089fd2883407f1944758efaf21~tplv-tiktokx-cropcenter:720:720.jpeg?dr=14579&refresh_token=510e7193&x-expires=1777471200&x-signature=nDa7Eb7DoSveHGDmtaZF4TPveBM%3D&t=4d5b0474&ps=13740610&shp=a5d48078&shcp=81f88b70&idc=my","siwangiandrehan","Elegance meets charisma in the bold embrace of black. Presenting the epitome of style from the Pret menswear collection, where traditional allure intertwines seamlessly with contemporary design. 

@Siwangi Official x @Rehan Shrestha #siwangiandrehan #siwangixrehan #itsrehanshrestha #siwangipradhan #ayushmandeshrajoshi #alexbishwakarma #kunsangbomjan #nischalkhadka #menswear #fashiontok #fashiontiktok #mensoutfit #nepal #nepali #tiktoknepal #fypシ ","34700","129","650100","155","17","original sound","suhaib","true","2023-12-08T06:41:00.000Z","https://www.tiktok.com/@siwangiandrehan/video/7310110162205854978"
