"caption","ownerFullName","ownerUsername","url","commentsCount","firstComment","likesCount","timestamp","queryTag","hashtags/0","hashtags/1","hashtags/2","hashtags/3","hashtags/4","hashtags/5","hashtags/6","hashtags/7","hashtags/8","hashtags/9","hashtags/10","hashtags/11","hashtags/12","hashtags/13","hashtags/14","hashtags/15","hashtags/16","hashtags/17","hashtags/18","hashtags/19","hashtags/20","hashtags/21","hashtags/22","hashtags/23","hashtags/24","hashtags/25","hashtags/26","hashtags/27"
"Shapes waist, tummy and hips while staying breathable. #kiloshapewear #bodysuit #bodyshaper #lifestyle #nepaliwomen","KILO","kiloshapewear","https://www.instagram.com/p/DXoaL58EfEM/","0","","3","2026-04-27T10:15:00.000Z",,"kiloshapewear","bodysuit","bodyshaper","lifestyle","nepaliwomen",,,,,,,,,,,,,,,,,,,,,,,
"Introducing KILO Clothing - where comfort meets confidence. Designed to shape. Support and move with you everyday. #kiloshapewear #kiloclothing #bodysuit #lifestyle #nepaliwomen","KILO CLOTHING","kilo.klothing","https://www.instagram.com/p/DXoLTOiCVcA/","0","","0","2026-04-27T08:05:11.000Z",,"kiloshapewear","kiloclothing","bodysuit","lifestyle","nepaliwomen",,,,,,,,,,,,,,,,,,,,,,,
"Meet the new Light Shaper Bodysuit Tee.
Made with 76% nylon and 24% spandex, it smooths and shapes your silhouette while staying soft, breathable, and effortless all day. #kiloklothing #bodysuit #lifestyle #tee #nepaliwomen","KILO CLOTHING","kiloklothing","https://www.instagram.com/p/DXdnu6blHsF/","0","","5","2026-04-23T05:41:56.000Z",,"kiloklothing","bodysuit","lifestyle","tee","nepaliwomen",,,,,,,,,,,,,,,,,,,,,,,
"With a perfect fit that hugs all the right places, our shapers are pure vibe. #kiloshapewear #lifestyle #bodysuit #bodyshaper #nepaliwomen","KILO","kiloshapewear","https://www.instagram.com/p/DXbiOKSEcAO/","0","","8","2026-04-22T10:15:00.000Z",,"kiloshapewear","lifestyle","bodysuit","bodyshaper","nepaliwomen",,,,,,,,,,,,,,,,,,,,,,,
"सानो समस्या होला…” भनेर ignore त गरिरहनुभएको छैन?

महिनावारी गडबडी, पेट दुखाइ, कमजोरी वा असहजता—यी सबैलाई हल्का नलिनुहोस्।
कहिलेकाहीँ यी Ovarian Cyst जस्ता स्वास्थ्य समस्याको संकेत हुन सक्छ।

❤️ आफ्नो health लाई priority दिनुहोस्, ढिलो नगरी specialist सँग परामर्श लिनुहोस्।

👉 यो जानकारी useful लाग्यो भने share गरेर अरूलाई पनि सचेत बनाउनुहोस्।

📞 9801730697 | 061-450009
📍 Mahendrapool, Pokhara

#WomensHealth #NepalHealth #OvarianCystAwareness #HealthAwarenessNepal #PokharaNepal #SantanIVF #ReproductiveHealth #NepaliWomen #HealthTipsNepal #GynecologyNepal #FertilityCare #IVFNepal #HealthyLifestyleNepal #PeriodHealth #LowerAbdomenPain #WomensWellness #MedicalAwareness #ShareToCare #NepalDoctors #HealthcareNepal #AwarenessCampaign #SelfCareNepal #HealthyWomenHealthyNation","Santan IVF Clinic","santanivf","https://www.instagram.com/p/DXTk2jcjiYC/","0","","0","2026-04-19T08:04:22.000Z",,"WomensHealth","NepalHealth","OvarianCystAwareness","HealthAwarenessNepal","PokharaNepal","SantanIVF","ReproductiveHealth","NepaliWomen","HealthTipsNepal","GynecologyNepal","FertilityCare","IVFNepal","HealthyLifestyleNepal","PeriodHealth","LowerAbdomenPain","WomensWellness","MedicalAwareness","ShareToCare","NepalDoctors","HealthcareNepal","AwarenessCampaign","SelfCareNepal","HealthyWomenHealthyNation",,,,,
"Nepali women are not just beautiful and cute  we are strong, graceful, and full of heritage 🇳🇵✨
Today’s photoshoot in a stunning Rai dress, carrying tradition with elegance and confidence. ❤️
#NepaliWomen #RaiCulture #EthnicElegance #ProudNepali #culturalbeauty","Sanjana Karki","sanjanakarki89","https://www.instagram.com/p/DXTd9-Gk18P/","5","","32","2026-04-19T07:04:12.000Z",,"NepaliWomen","RaiCulture","EthnicElegance","ProudNepali","culturalbeauty",,,,,,,,,,,,,,,,,,,,,,,
"Hamro Fashion Trading known as Nepali Shop Qatar – Where Style Meets Comfort.
We offer trendy and high-quality ladies wear imported from India, Nepal and Pakistan. Shop online or visit us in-store for the best collections at affordable prices.

Location located in Muntazah. Near Muntazah park.
Contact: 50258591, 33045481

Search on google: Hamro fashion-nepali shop qatar
Follow us on

Tiktok: https://www.tiktok.com/@nepali_shop_qatar?_r=1&_t=ZS-921zq1mDaR0

Facebook: https://www.facebook.com/share/1FymvqobVd/

Whatsapp: https://wa.me/97450258591

#IndianFashionQatar
#DesiStyleQatar
#IndianEthnicWearQatar
#IndianLadiesShopping
#IndianOutfitsQatar
#DesiVibesQatar
#BollywoodInspiredLook
#NepaliFashionQatar
#NepaliWomenInQatar
#NepaliStyleWear
#NepaliGirlsFashion
#NepaliOutfitsQatar
#NepaliDressCollection
#PakistaniFashionQatar
#PakistaniEthnicWear
#PakistaniStyleQatar
#PakistaniLadiesFashion
#PakistaniDressQatar
#PakistaniOutfitsStyle
#TrendingOutfits
#DailyStyleInspo
#OOTDForHer
#FashionLovers
#ClassyAndStylish
#EthnicElegance
#AffordableTrendyWear
#ShopWithConfidence
#GlamLookOnBudget","Best Women's Fashion in Qatar","hamro_fashion_trading","https://www.instagram.com/p/DR-YjRuCCg_/","0","","1","2025-12-07T19:55:50.000Z",,"IndianFashionQatar","DesiStyleQatar","IndianEthnicWearQatar","IndianLadiesShopping","IndianOutfitsQatar","DesiVibesQatar","BollywoodInspiredLook","NepaliFashionQatar","NepaliWomenInQatar","NepaliStyleWear","NepaliGirlsFashion","NepaliOutfitsQatar","NepaliDressCollection","PakistaniFashionQatar","PakistaniEthnicWear","PakistaniStyleQatar","PakistaniLadiesFashion","PakistaniDressQatar","PakistaniOutfitsStyle","TrendingOutfits","DailyStyleInspo","OOTDForHer","FashionLovers","ClassyAndStylish","EthnicElegance","AffordableTrendyWear","ShopWithConfidence","GlamLookOnBudget"
"DAZY 2pcs Women Solid Color Long Sleeve Knitted Cardigan And Sleeveless Turtleneck Sweater Set, Autumn/Winter

#sheinpreordernepal #sheinfindsnepal #nepalifashion #nepalionlinestore #nepalesebusiness #fashionnepal #onlinestorenepal #styleinnepal #nepaligirlsfashion #nepaliootd #trendinginnepal #lavishclick #nepaleseshop #preordernepal #newarrivalsnepal","𝐋𝐚𝐯𝐢𝐬𝐡 𝐜𝐥𝐢𝐜𝐤","lavish_click77","https://www.instagram.com/p/DRyYM5uiFRD/","0","","58","2025-12-03T04:01:54.000Z",,"sheinpreordernepal","sheinfindsnepal","nepalifashion","nepalionlinestore","nepalesebusiness","fashionnepal","onlinestorenepal","styleinnepal","nepaligirlsfashion","nepaliootd","trendinginnepal","lavishclick","nepaleseshop","preordernepal","newarrivalsnepal",,,,,,,,,,,,,
"Women’s Faux Fur Jacket, High-End Metallic Leather Patchwork Casual Street Style Coat, Autumn/Winter

✔️ pre-order (20-25days) at 
✔️ 100% authentic and hassle free online shopping platform 
✔️ Delivery all over Nepal 🇳🇵
#sheinpreordernepal #sheinfindsnepal #nepalifashion #nepalionlinestore #nepalesebusiness #fashionnepal #onlinestorenepal #styleinnepal #nepaligirlsfashion #nepaliootd #trendinginnepal #lavishclick #nepaleseshop #preordernepal #newarrivalsnepal","𝐋𝐚𝐯𝐢𝐬𝐡 𝐜𝐥𝐢𝐜𝐤","lavish_click77","https://www.instagram.com/p/DRvyUADCCnM/","2","","36","2025-12-02T03:52:20.000Z",,"sheinpreordernepal","sheinfindsnepal","nepalifashion","nepalionlinestore","nepalesebusiness","fashionnepal","onlinestorenepal","styleinnepal","nepaligirlsfashion","nepaliootd","trendinginnepal","lavishclick","nepaleseshop","preordernepal","newarrivalsnepal",,,,,,,,,,,,,
"💫 Not Just Clothes… It’s a Whole Vibe! 💫

Dress like you already made it 😎✨
Because confidence starts with what you wear 💃🔥

Upgrade your wardrobe with pieces that actually stand out 😍

💖 Fashion Lagoon Benefits:
🚚 Free Delivery
💵 COD Available
🔄 Easy Exchange & Return

👉 Tap now & elevate your style game 💫

#FashionLagoon #InstaStyleNepal #NepalOOTD #FashionVibes #TrendSetter","Fashion Lagoon","fashion_lagoon77","https://www.instagram.com/p/DXDt17cDsc6/","0","","0","2026-04-13T04:15:04.000Z",,"FashionLagoon","InstaStyleNepal","NepalOOTD","FashionVibes","TrendSetter",,,,,,,,,,,,,,,,,,,,,,,
"✨ Stylish Short Kurtas – Everyday Elegance! ✨

Upgrade your daily look with our trendy short kurtas 💫 Comfortable, stylish, and perfect for college, office, or casual outings. Pair it with jeans or pants for a smart and effortless vibe.

#ShortKurta #KurtaStyle #NepalFashion #KathmanduStyle #ZipaApp #NepalShopping #WomenStyleNepal #EthnicWearNepal #DailyWearNepal #TrendyNepal #NepalOOTD #ShopLocalNepal","zipaofficial","zipa.app","https://www.instagram.com/p/DWV5f81kqmv/","0","","13","2026-03-26T09:11:51.000Z",,"ShortKurta","KurtaStyle","NepalFashion","KathmanduStyle","ZipaApp","NepalShopping","WomenStyleNepal","EthnicWearNepal","DailyWearNepal","TrendyNepal","NepalOOTD","ShopLocalNepal",,,,,,,,,,,,,,,,
"✨ Bloom in Style – Floral Tops! ✨
Step into spring with our vibrant floral tops 🌼 Perfect for casual outings, brunches, or coffee dates. Pair with jeans, skirts, or shorts for a fresh and trendy look.
🛒 Order now on Zipa App!

#FloralTop #NepalFashion #KathmanduStyle #ZipaApp #NepalShopping #SummerFashionNepal #WomenStyleNepal #TrendyNepal #NepalOOTD #ShopLocalNepal","zipaofficial","zipa.app","https://www.instagram.com/p/DWTX4N6Egix/","1","","6","2026-03-25T09:39:35.000Z",,"FloralTop","NepalFashion","KathmanduStyle","ZipaApp","NepalShopping","SummerFashionNepal","WomenStyleNepal","TrendyNepal","NepalOOTD","ShopLocalNepal",,,,,,,,,,,,,,,,,,
"Two styles. Nine sacred gems. Infinite magic. 

Gahana Griha brings you two stunning styles of Navaratna Diamond Studs. Each design more mesmerizing than the last with two designs that will leave you stunned. These #diamondstuds are a blend of sacred tradition and contemporary beauty that fits in any scenario.

Nine gemstones. Two designs. One unforgettable you. 💫

#GahanaGriha #NavratnaStuds #NepalJewelry #DiamondStuds #KathmanduJewellery #NavaratnaDesign #NepalBridal #FashionNepal #LuxuryJewelryNepal #Kathmandu #NepaliFashionista #JewelryKathmandu #NavratnaEarrings #NepalStyle #WeddingNepal #Brides","GahanaGriha","gahana_griha_official","https://www.instagram.com/p/DT7wiivE_NT/","0","","2","2026-01-25T12:30:32.000Z",,"diamondstuds","GahanaGriha","NavratnaStuds","NepalJewelry","DiamondStuds","KathmanduJewellery","NavaratnaDesign","NepalBridal","FashionNepal","LuxuryJewelryNepal","Kathmandu","NepaliFashionista","JewelryKathmandu","NavratnaEarrings","NepalStyle","WeddingNepal","Brides",,,,,,,,,,,
"Louis Vuitton OnTheGo Tote Bag 

Step up your style game with this luxurious Louis Vuitton OnTheGo Tote. Featuring the iconic Monogram Empreinte embossed leather, this bag is the perfect mix of elegance and everyday practicality. With its spacious interior, sturdy top handles, and gold-tone hardware, it’s ideal for both professional and casual looks.

Whether you’re heading to a meeting, brunch with friends, or a weekend getaway, this LV tote adds a timeless touch to your outfit. Made from high-quality materials, it’s not just a fashion statement – it’s an investment in style.

Features:
	•	Premium embossed Monogram leather
	•	Spacious interior with multiple compartments
	•	Dual top handles & detachable strap for versatile carry
	•	Classic gold-tone hardware details
	•	Perfect for office, travel & daily use

Available Now – Limited Stock!

#LouisVuittonNepal #NepalFashion #LuxuryNepal #LVBagNepal #NepalShoppingOnline #StyleInNepal #NepaliFashionista #LVNepal #NepaliStyle #NepalBags #LuxuryLifeNepal #NepalTrends #NepaliWomenStyle #NepalBagsLovers #nepalluxuryrealestate","","nepstop","https://www.instagram.com/p/DRjsdF4Evq4/","0","","2","2025-11-27T11:10:16.000Z",,"LouisVuittonNepal","NepalFashion","LuxuryNepal","LVBagNepal","NepalShoppingOnline","StyleInNepal","NepaliFashionista","LVNepal","NepaliStyle","NepalBags","LuxuryLifeNepal","NepalTrends","NepaliWomenStyle","NepalBagsLovers","nepalluxuryrealestate",,,,,,,,,,,,,
"✨ Turn Heads Everywhere You Go! ✨
Step into the world of luxury with this gorgeous Louis Vuitton handbag set in cream and blush-pink monogram. 💖 From brunch dates to evening glam, this bag adds instant elegance to any outfit. Crafted with premium leather and golden accents, it’s not just a bag—it’s a statement. 🌸 Perfect for the bold, stylish, and confident YOU!

💼 Main Bag + Matching Pouch = Style + Convenience
Because you deserve luxury that works for your lifestyle.

👜 Model no: LV - XL064

🎨 Colour option: ⚪️ white, ⚫️ black, 🔵 blue

💵 MRP: 3500/-, Offer price मात्र रु : 3000/- 

📏 Size: Size in (inch): H 10” X W 13” X B 5.5” (measurement excluding handle)

📲 Dm us on whats app: 9813677948

🚚 Free cash on delivery inside valley.

#LuxuryBagNepal #LVStyleNepal #NepaliFashionista #LVMonogramLove #premiumstylenepal","","nepstop","https://www.instagram.com/p/DRWBForEoA6/","0","","2","2025-11-22T03:41:12.000Z",,"LuxuryBagNepal","LVStyleNepal","NepaliFashionista","LVMonogramLove","premiumstylenepal",,,,,,,,,,,,,,,,,,,,,,,
"Fusion / Indo-Western कट्स
.
.
#NepaliFashionista
#NepaliWomenStyle
#NepaliDress
#NepaliKurta
#KurtaInNepal
#IndoWesternNepal
#DesiVibesNepal
#EthnicFashionNepal
#NepalOutfitIdeas
#NepaliGirlOutfit #trending #nepal","Indo Nepal Mart","indonepalmart","https://www.instagram.com/p/DQJPwbdkR4W/","0","","1","2025-10-23T08:07:51.000Z",,"NepaliFashionista","NepaliWomenStyle","NepaliDress","NepaliKurta","KurtaInNepal","IndoWesternNepal","DesiVibesNepal","EthnicFashionNepal","NepalOutfitIdeas","NepaliGirlOutfit","trending","nepal",,,,,,,,,,,,,,,,
"""Zuleika's Emerald Diamond Choker ✨ Breathtaking. Bold. Enchanting. Unique. Four words that describe this masterpiece and the woman who wears it.

With every emerald's deep green allure and every diamond's fiery sparkle, Zuleika's choker tells the world exactly who you are. Someone who takes up challenges, makes impressions that last, and lives life unapologetically. ⚡ Made to last for generations to come.

Dare to be different. Dare to be Zuleika.

📍 Kamaladi, Kathmandu
⏰ 11 am - 7 pm Daily
💎 DM for your personal consultation
📱 Book your appointment: +977 1-4529240

#ZuleikaJewelry #EmeraldChokerNepal #DiamondChoker #BeYourself #BoldJewelry #NepalLuxury #KathmanduJewelry #UniqueChoker #StatementJewelry #EmeraldDiamond #NepaliFashionista #LuxuryChokerNepal #EnchantingBeauty #BreatheakingJewelry #ChokerStyle #DiamondEmeraldNepal #KathmanduLuxe #PowerPiece #BridalChokerNepal ""","Zuleika by Gahana Griha","zuleika_by_gahanagriha","https://www.instagram.com/p/DPtcjrfCClv/","0","","2","2025-10-12T13:00:59.000Z",,"ZuleikaJewelry","EmeraldChokerNepal","DiamondChoker","BeYourself","BoldJewelry","NepalLuxury","KathmanduJewelry","UniqueChoker","StatementJewelry","EmeraldDiamond","NepaliFashionista","LuxuryChokerNepal","EnchantingBeauty","BreatheakingJewelry","ChokerStyle","DiamondEmeraldNepal","KathmanduLuxe","PowerPiece","BridalChokerNepal",,,,,,,,,
"✨ Tihar Special Launch ✨

💸 Price: RS 3280/-

🌼 Shine this Tihar in our Romansilk Chanderi Anarkali Set — 4m flair gown with fancy lace yoke, paired with free-size pants (with side pocket) and a 2.2m dupatta with mirror lace border. Perfect blend of elegance + comfort ✨

📏 Kurti Length: 48"" | Pant: Free Size | Dupatta: 2.2m
📏 Sizes: XS(34) – XXL(44)
🎨 Colors: Black, Yellow, Mahendi, Maroon, Rani Pink

🌍 Delivery all over Nepal & worldwide ✈️
💎 Premium Quality | Ready to Wear

#OrchidNepal #OrchidNepalCollection #Dashain2025 #Tihar2025 #DashainTiharEdit #FestiveFits #EthnicWearNepal #NepaliEthnicWear #NepalFashion #NepaliStyle #FashionNepal #KathmanduFashion #NepalShopping #ShopNepal #NepaliDesigner #OnlineshoppingNepal #NepaliFashionista #AnarkaliLove #KurtiNepal #DesiVibesNepal #StyleInTradition #FestiveWearNepal #PartyWearNepal #EthnicChic #PlusSizeKurtisNepal","Orchid Nepal🩷","ethnic.wear.by.orchidnepal","https://www.instagram.com/p/DPDPF3OidQ2/","3","","-1","2025-09-26T03:35:12.000Z",,"OrchidNepal","OrchidNepalCollection","Dashain2025","Tihar2025","DashainTiharEdit","FestiveFits","EthnicWearNepal","NepaliEthnicWear","NepalFashion","NepaliStyle","FashionNepal","KathmanduFashion","NepalShopping","ShopNepal","NepaliDesigner","OnlineshoppingNepal","NepaliFashionista","AnarkaliLove","KurtiNepal","DesiVibesNepal","StyleInTradition","FestiveWearNepal","PartyWearNepal","EthnicChic","PlusSizeKurtisNepal",,,
"Blush Glide Sneakers is here to make every walk effortless & chic.
👟 Lightweight | 💨 Breathable | 🌸 Trendy
Sizes available – DM to grab yours now!”

#NepalFashion #SneakerStyle #NepaliTrend #StreetStyleNepal #NepalOutfit #SneakersNepal #OOTDNepal #TrendyNepal #NepaliStyle #NepalVibes #FashionInNepal #EverydayComfort #NepalShopping #NepaliFashionista”","KGT","kgt_wears","https://www.instagram.com/p/DO-4raQCQzK/","0","","4","2025-09-24T11:02:23.000Z",,"NepalFashion","SneakerStyle","NepaliTrend","StreetStyleNepal","NepalOutfit","SneakersNepal","OOTDNepal","TrendyNepal","NepaliStyle","NepalVibes","FashionInNepal","EverydayComfort","NepalShopping","NepaliFashionista”",,,,,,,,,,,,,,
"Shimmer silk adorned with heavy beads and moti work, styled as an Anarkali with a lehenga skirt. Can be dyed in any colour of your choice 💕 Perfect for your next celebration 🪩✨

#Saaranz #NepalFashion #NepalStyle #EthnicWearNepal #AnarkaliLove #LehengaStyle #FestiveFits #NepaliFashionista #EthnicElegance #TraditionalWithATwist #NepalShopping #MadeInNepal #BridalWearNepal #EthnicChic #KathmanduShopping","SaaranZ","saaranz.thedesignerstore","https://www.instagram.com/p/DO8tU9JD_QU/","1","","7","2025-09-23T14:44:43.000Z",,"Saaranz","NepalFashion","NepalStyle","EthnicWearNepal","AnarkaliLove","LehengaStyle","FestiveFits","NepaliFashionista","EthnicElegance","TraditionalWithATwist","NepalShopping","MadeInNepal","BridalWearNepal","EthnicChic","KathmanduShopping",,,,,,,,,,,,,
"Turning the page to something timeless… Amiraah Ethnics is almost here 🤍

#AmiraahEthnics #EthnicWear #KurtaLove #NepaliFashion #MadeInNepal #FashionNepal #StyleNepal #TrendingInNepal #OnlineNepal #NewEra #Rebrand #ComingSoon #StyleReveal #OOTDNepal #EthnicStyle #SupportLocalNepal #KathmanduStyle #NepaliStyle #HandmadeNepal #FashionLaunch #ShopNepal #NepalShopping #NepaliFashionista #InstaFashion #style","Aesthetic Wears 🧿","aesthetic.wearss","https://www.instagram.com/p/DOyku5Bk79x/","0","","1","2025-09-19T16:17:13.000Z",,"AmiraahEthnics","EthnicWear","KurtaLove","NepaliFashion","MadeInNepal","FashionNepal","StyleNepal","TrendingInNepal","OnlineNepal","NewEra","Rebrand","ComingSoon","StyleReveal","OOTDNepal","EthnicStyle","SupportLocalNepal","KathmanduStyle","NepaliStyle","HandmadeNepal","FashionLaunch","ShopNepal","NepalShopping","NepaliFashionista","InstaFashion","style",,,
"“Dashain just got trendier! 🎉👗 New arrivals that blend tradition with chic — because this festive season, you deserve to shine the brightest. 💫 Shop the look everyone’s talking about! 💃 #DashainFit”

#Dashain2025 #NepalFashion #KathmanduTrends #ShopNepal #DashainOutfits #NepaliGirlsStyle #NepaliFashionista #OnlineShoppingNepal #TrendyNepal #KathmanduFashion #ShopaholicNepal #DashainLooks #NepalStyleDiaries #NepaliBrandLove #KathmanduGirls","Trending outfits by Essence","essence_luxurytrend","https://www.instagram.com/p/DOvY8IZgYsa/","0","","6","2025-09-18T10:36:27.000Z",,"DashainFit”","Dashain2025","NepalFashion","KathmanduTrends","ShopNepal","DashainOutfits","NepaliGirlsStyle","NepaliFashionista","OnlineShoppingNepal","TrendyNepal","KathmanduFashion","ShopaholicNepal","DashainLooks","NepalStyleDiaries","NepaliBrandLove","KathmanduGirls",,,,,,,,,,,,
"“Dashain just got trendier! 🎉👗 New arrivals that blend tradition with chic — because this festive season, you deserve to shine the brightest. 💫 Shop the look everyone’s talking about! 💃 #DashainFit”

#Dashain2025 #NepalFashion #KathmanduTrends #ShopNepal #DashainOutfits #NepaliGirlsStyle #NepaliFashionista #OnlineShoppingNepal #TrendyNepal #KathmanduFashion #ShopaholicNepal #DashainLooks #NepalStyleDiaries #NepaliBrandLove #KathmanduGirls","Trending outfits by Essence","essence_luxurytrend","https://www.instagram.com/p/DOvYzCWgYR6/","0","","6","2025-09-18T10:35:12.000Z",,"DashainFit”","Dashain2025","NepalFashion","KathmanduTrends","ShopNepal","DashainOutfits","NepaliGirlsStyle","NepaliFashionista","OnlineShoppingNepal","TrendyNepal","KathmanduFashion","ShopaholicNepal","DashainLooks","NepalStyleDiaries","NepaliBrandLove","KathmanduGirls",,,,,,,,,,,,
"“Dashain just got trendier! 🎉👗 New arrivals that blend tradition with chic — because this festive season, you deserve to shine the brightest. 💫 Shop the look everyone’s talking about! 💃 #DashainFit”

#Dashain2025 #NepalFashion #KathmanduTrends #ShopNepal #DashainOutfits #NepaliGirlsStyle #NepaliFashionista #OnlineShoppingNepal #TrendyNepal #KathmanduFashion #ShopaholicNepal #DashainLooks #NepalStyleDiaries #NepaliBrandLove #KathmanduGirls","Trending outfits by Essence","essence_luxurytrend","https://www.instagram.com/p/DOvYi5bAeQ7/","0","","6","2025-09-18T10:33:00.000Z",,"DashainFit”","Dashain2025","NepalFashion","KathmanduTrends","ShopNepal","DashainOutfits","NepaliGirlsStyle","NepaliFashionista","OnlineShoppingNepal","TrendyNepal","KathmanduFashion","ShopaholicNepal","DashainLooks","NepalStyleDiaries","NepaliBrandLove","KathmanduGirls",,,,,,,,,,,,
"“Dashain just got trendier! 🎉👗 New arrivals that blend tradition with chic — because this festive season, you deserve to shine the brightest. 💫 Shop the look everyone’s talking about! 💃 #DashainFit”

#Dashain2025 #NepalFashion #KathmanduTrends #ShopNepal #DashainOutfits #NepaliGirlsStyle #NepaliFashionista #OnlineShoppingNepal #TrendyNepal #KathmanduFashion #ShopaholicNepal #DashainLooks #NepalStyleDiaries #NepaliBrandLove #KathmanduGirls","Trending outfits by Essence","essence_luxurytrend","https://www.instagram.com/p/DOs6sb7AaYj/","0","","9","2025-09-17T11:33:40.000Z",,"DashainFit”","Dashain2025","NepalFashion","KathmanduTrends","ShopNepal","DashainOutfits","NepaliGirlsStyle","NepaliFashionista","OnlineShoppingNepal","TrendyNepal","KathmanduFashion","ShopaholicNepal","DashainLooks","NepalStyleDiaries","NepaliBrandLove","KathmanduGirls",,,,,,,,,,,,
"✨ “Dashain just got trendier! 🎉👗 New arrivals that blend tradition with chic — because this festive season, you deserve to shine the brightest. 💫 Shop the look everyone’s talking about! 💃 #DashainFit”

#Dashain2025 #NepalFashion #KathmanduTrends #ShopNepal #DashainOutfits #NepaliGirlsStyle #NepaliFashionista #OnlineShoppingNepal #TrendyNepal #KathmanduFashion #ShopaholicNepal #DashainLooks #NepalStyleDiaries #NepaliBrandLove #KathmanduGirls","Trending outfits by Essence","essence_luxurytrend","https://www.instagram.com/p/DOs5ySbgRlI/","0","","8","2025-09-17T11:25:44.000Z",,"DashainFit”","Dashain2025","NepalFashion","KathmanduTrends","ShopNepal","DashainOutfits","NepaliGirlsStyle","NepaliFashionista","OnlineShoppingNepal","TrendyNepal","KathmanduFashion","ShopaholicNepal","DashainLooks","NepalStyleDiaries","NepaliBrandLove","KathmanduGirls",,,,,,,,,,,,
"Coolane Women's Spring/Summer Music Festival Party Breathable Mesh Stretchy Bodysuit Bodysuits,Valentine's Day

📌 Available Colors: Brown, Black, White
📏 Sizes: XS, S, M, L
🛒 Pre-order now at LavishClick
#BodysuitEra #slimfit #casualstyle #fypage #LavishClick #PreOrderNow #reelsinstagram #EverydayOOTD #reels  #NepalFashion #TrendyLooks #LavishClickStyle #luxfashion #SHEINNepal #NepaliFashionista #glamlook #explorepage #StreetStyleOOTD #shoponlinenow #;:0:9:4:1","𝐋𝐚𝐯𝐢𝐬𝐡 𝐜𝐥𝐢𝐜𝐤","lavish_click77","https://www.instagram.com/p/DOA4O-6ERGE/","0","","20","2025-08-31T08:13:05.000Z",,"BodysuitEra","slimfit","casualstyle","fypage","LavishClick","PreOrderNow","reelsinstagram","EverydayOOTD","reels","NepalFashion","TrendyLooks","LavishClickStyle","luxfashion","SHEINNepal","NepaliFashionista","glamlook","explorepage","StreetStyleOOTD","shoponlinenow",";:0:9:4:1",,,,,,,,
"Sunnyshic Paisley Print Circle Neck Cropped Top And Pants Set ☀️🌴💙

🪻Two-piece set (crop top + wide-leg pants)
💙Boho paisley multicolor print 🌸
 💫Relaxed & breathable fabric
💎Perfect for beach, brunch or summer outings
📏 Sizes: XS – XL
🛒 Available for Pre-order at LavishClick

#PaisleyPrint #CoOrdSet #BohoVibes #BeachOutfit #OOTDNepal #VacationStyle #TrendyFits #fypage #SummerOOTD #NepaliFashionista #LavishClick #PreOrderNow  #StyleWithLavishClick","𝐋𝐚𝐯𝐢𝐬𝐡 𝐜𝐥𝐢𝐜𝐤","lavish_click77","https://www.instagram.com/p/DNuqDeK4nvV/","1","","26","2025-08-24T07:15:57.000Z",,"PaisleyPrint","CoOrdSet","BohoVibes","BeachOutfit","OOTDNepal","VacationStyle","TrendyFits","fypage","SummerOOTD","NepaliFashionista","LavishClick","PreOrderNow","StyleWithLavishClick",,,,,,,,,,,,,,,
"🖤 One pant, countless looks.
Whether it’s office chic or weekend vibes – this wide-leg beauty is the upgrade your wardrobe was waiting for. Style it your way, and let your outfit speak before you do.

⚡ Stock is LIMITED – once gone, it’s gone.

📲 DM us now to Pre-Order & Reserve Yours Today
📞 Call/WhatsApp: +977-974-6643604 

🚚 Fast Delivery all over Nepal

✨ Sanskriti Styles – wear your elegance.

#pants #highpant #widelegpant #femalepants #SanskritiStyles #NepalFashion #NepalOnlineShopping #StyleInNepal #NepaliFashionista #WardrobeGoals #OOTDNepal #LimitedStock #NepalTrend #DailyStyleNepal #NepalClothing #ShopNepalOnline","SanskritiStyle","sanskritistyle0709","https://www.instagram.com/p/DNbGh7MKAca/","0","","3","2025-08-16T16:59:22.000Z",,"pants","highpant","widelegpant","femalepants","SanskritiStyles","NepalFashion","NepalOnlineShopping","StyleInNepal","NepaliFashionista","WardrobeGoals","OOTDNepal","LimitedStock","NepalTrend","DailyStyleNepal","NepalClothing","ShopNepalOnline",,,,,,,,,,,,
"🖤 One pant, countless looks.
Whether it’s office chic or weekend vibes – this wide-leg beauty is the upgrade your wardrobe was waiting for. Style it your way, and let your outfit speak before you do.

⚡ Stock is LIMITED – once gone, it’s gone.

📲 DM us now to Pre-Order & Reserve Yours Today
📞 Call/WhatsApp: +977 9746643604

🚚 Fast Delivery all over Nepal

✨ Sanskriti Styles – wear your elegance.

#pants #highpant #widelegpant #femalepants #SanskritiStyles #NepalFashion #NepalOnlineShopping #StyleInNepal #NepaliFashionista #WardrobeGoals #OOTDNepal #LimitedStock #NepalTrend #DailyStyleNepal #NepalClothing #shopnepal","SanskritiStyle","sanskritistyle0709","https://www.instagram.com/p/DNbFs2izAGH/","0","","2","2025-08-16T16:52:08.000Z",,"pants","highpant","widelegpant","femalepants","SanskritiStyles","NepalFashion","NepalOnlineShopping","StyleInNepal","NepaliFashionista","WardrobeGoals","OOTDNepal","LimitedStock","NepalTrend","DailyStyleNepal","NepalClothing","shopnepal",,,,,,,,,,,,
