"caption","ownerFullName","ownerUsername","url","commentsCount","firstComment","likesCount","timestamp","queryTag","hashtags/0","hashtags/1","hashtags/2","hashtags/3","hashtags/4","hashtags/5","hashtags/6","hashtags/7","hashtags/8","hashtags/9","hashtags/10","hashtags/11","hashtags/12","hashtags/13","hashtags/14","hashtags/15","hashtags/16","hashtags/17","hashtags/18","hashtags/19","hashtags/20","hashtags/21","hashtags/22","hashtags/23","hashtags/24","hashtags/25","hashtags/26"
,,,"https://www.instagram.com/explore/tags/नेपालीफ्याशन",,,,,,,,,,,,,,,,,,,,,,,,,,,,,,,,
"“Sharp fade, sharper attitude 😎”
कंघी से नहीं, fade से पहचान बनती है","Guru Men's Salon","gurusalonkuwait","https://www.instagram.com/p/DM0ZOMhNrJT/","1","","12","2025-08-01T16:12:49.000Z",,,,,,,,,,,,,,,,,,,,,,,,,,,,
"कसैलाई हराउन होइन, आफैलाई सुधार्न दौडिरहेको छु।

 #नेपालीस्टाइल #एटिट्युडमोड #स्वागभाइब #गैंगस्टरलुक","Anil Bashyal","anil.bashyal.98","https://www.instagram.com/p/DRcJz3wkWxU/","1","","15","2025-11-24T12:52:54.000Z",,"नेपालीस्टाइल","एटिट्युडमोड","स्वागभाइब","गैंगस्टरलुक",,,,,,,,,,,,,,,,,,,,,,,
"“जीवन भनेको सपनाहरू पूरा गर्ने मात्र होइन, तर हरेक गल्तीबाट सिक्ने यात्रा पनि हो।
🚀🔥 #SelfLove #Motivation #नेपालीस्टाइल","Nitesh Yadav","nite_shy_78","https://www.instagram.com/p/DVGo4FGmc7m/","0","","2","2026-02-23T14:26:43.000Z",,"SelfLove","Motivation","नेपालीस्टाइल",,,,,,,,,,,,,,,,,,,,,,,,
"#b8d9 #नेपालीस्टाइल  Dipendar Magar @highlight Deepak Thapa","Bhagwati Devi","bhabana8d","https://www.instagram.com/p/DB3mrxDNu2B/","0","","9","2024-11-02T12:22:24.000Z",,"b8d9","नेपालीस्टाइल",,,,,,,,,,,,,,,,,,,,,,,,,
"☺️☺️#रमाइलो #नेपाली #नेपालीभाइब्स #नेपालीस्टाइल #नेपालीलाइफ मूडरमाइलो नेपालीरिल नेपालीट्रेंड खुसी आजकोमूडreels trendingreels viralreels instareels reelsvideo 
trendingsong viralvideo explorepage reelitfeelit fyp","it_ rita _@64","__itz_.rita__","https://www.instagram.com/p/DXrklthk1XS/","1","","30","2026-04-28T15:55:24.000Z",,"रमाइलो","नेपाली","नेपालीभाइब्स","नेपालीस्टाइल","नेपालीलाइफ",,,,,,,,,,,,,,,,,,,,,,
"विशेष नेपाली कलेक्सन हेर्नुहोस्।
NEPAL OFFICE NUMBAR 
CALL/ WHATSAPP :-+977 97626 30517

NEPAL ADDRESS :- Blackbull Garment Trading Pvt. Ltd.
New Baneshwor, Indreni Complex,
Third Floor,
New Baneshwor, Kathmandu - 44600

Ajmera Fashion Surat Nepal Numbar India 👇 
🎊Call or WhatsApp - +91 74879 15961
Link : https://wa.link/3lx0go

Surat Nepal Office 👇

📍Ajmera Fashion Limited 
G-1, Ground Floor, Surana 101, Sahara Darwaja,
Ring Road, Surat, Gujarat - 395002
Email -  info@ajmerafashion.com

#नेपालीकलेक्सन #विशेषकपडा #नेपालफेशन #नेपालीस्टाइल #सस्तोसस्तो #ट्रेंडिङकपडा #नेपालमै #NewCollection #NepaliFashion #DarazNepal","Ajmera Fashion Nepal","ajmerafashionnepal","https://www.instagram.com/p/DPlqtjJAUAX/","0","","23","2025-10-09T12:30:00.000Z",,"नेपालीकलेक्सन","विशेषकपडा","नेपालफेशन","नेपालीस्टाइल","सस्तोसस्तो","ट्रेंडिङकपडा","नेपालमै","NewCollection","NepaliFashion","DarazNepal",,,,,,,,,,,,,,,,,
,,,"https://www.instagram.com/explore/tags/नेपालीपार्टीलुक्स",,,,,,,,,,,,,,,,,,,,,,,,,,,,,,,,
,,,"https://www.instagram.com/explore/tags/मिसनेपालस्टाइल",,,,,,,,,,,,,,,,,,,,,,,,,,,,,,,,
,,,"https://www.instagram.com/explore/tags/तिहारफ्याशन",,,,,,,,,,,,,,,,,,,,,,,,,,,,,,,,
,,,"https://www.instagram.com/explore/tags/नारीइनसारी",,,,,,,,,,,,,,,,,,,,,,,,,,,,,,,,
,,,"https://www.instagram.com/explore/tags/ढाकाकपडा",,,,,,,,,,,,,,,,,,,,,,,,,,,,,,,,
"मेरो मनपर्ने पहिरन #everyone #nonfollowers #everyonefollowers #fulbuttesari #nepalipahiran @highlight Indu Kc Bil Chhetri","Durga Kumari Kc","smriti.kc.9","https://www.instagram.com/p/DY1LJ6UCmCj/","0","","0","2026-05-27T05:45:33.000Z",,"everyone","nonfollowers","everyonefollowers","fulbuttesari","nepalipahiran",,,,,,,,,,,,,,,,,,,,,,
"✨ Rangin pahiranma Nepali maulikta jhalakine saundarya ✨
Aajako style, paramparako jhalko 💫
DM us for order 📥🛍️
..
..
#kraixa2024 #teejspecial #kraixa #affordable #kurthaset 
#NepaliPahiran #DesiStyle #ParamparagatStyle #RanginShaan #OOTD","Kraixa","kraixa2024","https://www.instagram.com/p/DNDcDjSStOP/","0","","38","2025-08-07T12:27:27.000Z",,"kraixa2024","teejspecial","kraixa","affordable","kurthaset","NepaliPahiran","DesiStyle","ParamparagatStyle","RanginShaan","OOTD",,,,,,,,,,,,,,,,,
"Short Angrakha Kurti designed by me 
This is a Cotton Fabric, we also call it Dhaka ko Kapda, usually made into blouses known as Chaubandi Cholo in our Nepali Community.. 

#kathmandu #nepali #nepalipahiran #nepaligirl #selfdesigned #fashion #ootd #grwm #ethnic #ethnicoutfit #ethnicwear #ethnicdesign","Sudita","sudita__16","https://www.instagram.com/p/CvhACsvheyk/","1","","35","2023-08-04T08:19:02.000Z",,"kathmandu","nepali","nepalipahiran","nepaligirl","selfdesigned","fashion","ootd","grwm","ethnic","ethnicoutfit","ethnicwear","ethnicdesign",,,,,,,,,,,,,,,
"Hamro Gurung Dhee मा पाइन्छ —
बिच्छी बुट्टा, पान बुट्टा, करेला बुट्टा र लुंगी ❤️
हाम्रो पहिचान, हाम्रो संस्कार — पहिरनमै झल्किन्छ 💫
Wholesale र Retail दुबैका लागि उपलब्ध 🌿

संस्कृतिको स्पर्श, शैलीको पहिचान 💫
अर्डर गर्नहोस् आजै — FB | Insta | WhatsApp 9851172104 📱

#HamroGurungDhee
#NepaliPahiran
#TraditionalStyle
#GurungCulture#hamrogurungdhee #foryoupage #instagram #fypシ #réel #facebook #available #anuradhagurung #fb 
#SanskritikoRang","हाम्रो गुरुङ् धीं","hamrogurungdhee","https://www.instagram.com/p/DQjv4Mviqaq/","0","","2","2025-11-02T15:10:17.000Z",,"HamroGurungDhee","NepaliPahiran","TraditionalStyle","GurungCulture","hamrogurungdhee","foryoupage","instagram","fypシ","réel","facebook","available","anuradhagurung","fb","SanskritikoRang",,,,,,,,,,,,,
"For pink lovers 🩷Nepali fashion, handmade with love 🇳🇵💖
Limited pieces – grab yours before it’s gone!
📦 Delivery all over USA | Follow for daily style inspo 👗”
size-38/40/42/44 available #nepalipahiran #smallbusinessusa #outfitinspo #womenfashion #foryou 
….,,,,,,,?,,","@Aura_femme","aura_femme6","https://www.instagram.com/p/DV4OpBQEtRV/","3","","28","2026-03-14T20:43:10.000Z",,"nepalipahiran","smallbusinessusa","outfitinspo","womenfashion","foryou",,,,,,,,,,,,,,,,,,,,,,
"Twinning in tradition ✨
Our lovely client in this vibrant Dhaka coat set – a perfect father-son duo moment!
Handwoven heritage, styled with pride. 💛💙💚

Thank you for choosing AARJU The Creation for your special day!

#DhakaCoat #NepaliFashion #FatherSonTwinning #TraditionalWear #NepaliStyle 
#AarjuTheCreation #HandwovenDhaka #SupportLocal #MadeInNepal #EthnicWear 
#NepaleseCulture #CulturalWear #DhakaLovers #ClientDiaries #TwinningGoals 
#NepaliBrand #NepaliPahiran #LocalBrandNepal #FamilyFashion #NepaliHeritage 
#FestiveLook #ClientLove #CustomMade #TraditionMeetsStyle","Aarju_thefashion boutique","aarju_thecreation","https://www.instagram.com/p/DNCsBjMStFM/","0","","11","2025-08-07T05:26:50.000Z",,"DhakaCoat","NepaliFashion","FatherSonTwinning","TraditionalWear","NepaliStyle","AarjuTheCreation","HandwovenDhaka","SupportLocal","MadeInNepal","EthnicWear","NepaleseCulture","CulturalWear","DhakaLovers","ClientDiaries","TwinningGoals","NepaliBrand","NepaliPahiran","LocalBrandNepal","FamilyFashion","NepaliHeritage","FestiveLook","ClientLove","CustomMade","TraditionMeetsStyle",,,
"#dhakakurthaset #kurtha from size 3 years to size 38.
Dm for price nad sizes. 0412940527. #junecollection🇦🇺 #fyp #nepalipahiran","Preety limbu subba","junecollection.store","https://www.instagram.com/p/DMHRNYcSegx/","3","","5","2025-07-15T03:36:54.000Z",,"dhakakurthaset","kurtha","junecollection🇦🇺","fyp","nepalipahiran",,,,,,,,,,,,,,,,,,,,,,
"Pair our dhaka ko chaubandi with your any saree. 
Btw this chiffon saree is hand painted with cutdana work light and breezy for summer comes with a blouse piece . 

Chaubandi choli size 34 : £28
Saree : £35 

Dm to order 

#fyp #ethnicwear #smallbusiness #southasianfashion #chaubandicholi #nepalipahiran","GULABII🌸🌸","g.gulabii","https://www.instagram.com/p/DJU20trKgBO/","3","","48","2025-05-06T20:46:20.000Z",,"fyp","ethnicwear","smallbusiness","southasianfashion","chaubandicholi","nepalipahiran",,,,,,,,,,,,,,,,,,,,,
"Order now 
Sizes available ✅
Shipping out of Sydney too 
#nepalipahiran","Nepali Pahiran","nepalipahiran__","https://www.instagram.com/p/C35HQFlS2eJ/","2","","24","2024-02-28T13:13:33.000Z",,"nepalipahiran",,,,,,,,,,,,,,,,,,,,,,,,,,
"Size available for 3-4 age group ORDER NOW #limitedstock #beautifullehengacholi #handmadewithlove #traditionalattire #localbusiness #nepalipahiran #nepaliclothing #fypシ #balbalikasansar #kidstraditionalwear 🌸🌸🌸","Kumarkumari_collections","kumarkumari_kollections","https://www.instagram.com/p/CUyl3SQhtn4/","0","","5","2021-10-09T02:08:56.000Z",,"limitedstock","beautifullehengacholi","handmadewithlove","traditionalattire","localbusiness","nepalipahiran","nepaliclothing","fypシ","balbalikasansar","kidstraditionalwear",,,,,,,,,,,,,,,,,
"Traditional Gurung Dress Available at TCC Perth.
#traditionalwear #gurungdress #nepalipahiran #trending #foryou #follower #bardali #menkurthiset #nepalitiktok","TCC Perth (Traditional Clothing Co.)","traditionalclothing.co","https://www.instagram.com/p/DEMKHCGSd3H/","0","","4","2024-12-30T04:59:48.000Z",,"traditionalwear","gurungdress","nepalipahiran","trending","foryou","follower","bardali","menkurthiset","nepalitiktok",,,,,,,,,,,,,,,,,,
"Premium Qwality ❤️#PlazuMalamlciffon❤️
#freesizedress #viralvídeos #1000kveiw❤️ 
#ootd #Dm#9849906351#goviral #online 
#onlineshoping💎 #nepalipahiran #viral 
#delivery #deliveryallovernepal✈️🚘🇳🇵","MILI COLLECTION","milicollection101","https://www.instagram.com/p/DI70ki4TL-v/","0","","4","2025-04-27T03:29:01.000Z",,"PlazuMalamlciffon❤️","freesizedress","viralvídeos","1000kveiw❤️","ootd","Dm","9849906351","goviral","online","onlineshoping💎","nepalipahiran","viral","delivery","deliveryallovernepal✈️🚘🇳🇵",,,,,,,,,,,,,
"Short Angrakha Kurti designed by me 
This is a Cotton Fabric, we also call it Dhaka ko Kapda, usually made into blouses known as Chaubandi Cholo in our Nepali Community.. 

#kathmandu #nepali #nepalipahiran #nepaligirl #selfdesigned #fashion #ootd #grwm","Sudita Lohorung Rai","sudita__rai","https://www.instagram.com/p/Cvg9RokNS0i/","12","","-1","2023-08-04T07:56:43.000Z",,"kathmandu","nepali","nepalipahiran","nepaligirl","selfdesigned","fashion","ootd","grwm",,,,,,,,,,,,,,,,,,,
"ल भन्नुस त सेतो साडीमा म कस्ती देखिएकी छु? 😃❤️#SunitaDulal #Sadilover #nepalipahiran","Sunita Dulal Official","sunitadulal","https://www.instagram.com/p/DJ4UpNZyvel/","26","","351","2025-05-20T15:15:39.000Z",,"SunitaDulal","Sadilover","nepalipahiran",,,,,,,,,,,,,,,,,,,,,,,,
"Beautiful daura suruwal set for your baby boy available now at syanukonana.
Dm for more informations ❤️ 🙏 

#nepalipahiran #supportsmallbusiness #lisbon #nepali","Syanu ko Nana","syanukonana","https://www.instagram.com/p/DRSbQ6ViGgg/","0","","6","2025-11-20T18:14:13.000Z",,"nepalipahiran","supportsmallbusiness","lisbon","nepali",,,,,,,,,,,,,,,,,,,,,,,
"Purple dhaka jama available at syanukonana ❤️
#supportsmallbusiness #nepali #lisbon #nepalipahiran","Syanu ko Nana","syanukonana","https://www.instagram.com/p/DOuJwE-CJox/","0","","6","2025-09-17T23:04:40.000Z",,"supportsmallbusiness","nepali","lisbon","nepalipahiran",,,,,,,,,,,,,,,,,,,,,,,
"Your baby girl’s very first Gurung dress ❤️🤭#supportsmallbusiness #nepali #lisbon #nepalipahiran","Syanu ko Nana","syanukonana","https://www.instagram.com/p/DRxBQGCiD7J/","0","","9","2025-12-02T15:22:43.000Z",,"supportsmallbusiness","nepali","lisbon","nepalipahiran",,,,,,,,,,,,,,,,,,,,,,,
"Exclusive Nepali Style Blazer and Daura Suruwal 🔥
Remember us for all kinds of 
Formal Attire 
#menscoat #nepalidaurasuruwal #nepalipahiran #trendingreels #purbelidhaka","Purbeli Dhaka Daura Suruwal & Shirting Suiting","purbelidhakafabrics","https://www.instagram.com/p/C5mpv6WyD0r/","25","","431","2024-04-11T02:16:45.000Z",,"menscoat","nepalidaurasuruwal","nepalipahiran","trendingreels","purbelidhaka",,,,,,,,,,,,,,,,,,,,,,
"Devi vannu 😂. ##nepalipahiran","Binita Karki","bini_karki33","https://www.instagram.com/p/C1a4EyiIoBu/","5","","53","2023-12-29T02:19:41.000Z",,"#nepalipahiran",,,,,,,,,,,,,,,,,,,,,,,,,,
"#dhakasari #nepalipahiran #avilable_now🛍️ #followforfollowback #foryoupage #goviral #supportsmallbusiness","Nepali Pahiran🇨🇦","nepali_pahiran_aneema","https://www.instagram.com/p/CsXNU-6Ov_l/","2","","2","2023-05-17T23:27:55.000Z",,"dhakasari","nepalipahiran","avilable_now🛍️","followforfollowback","foryoupage","goviral","supportsmallbusiness",,,,,,,,,,,,,,,,,,,,
"#dashainlooks","","kashviniraula","https://www.instagram.com/p/Cy4IrgXv93Q/","0","","2","2023-10-26T21:28:49.000Z",,"dashainlooks",,,,,,,,,,,,,,,,,,,,,,,,,,
"Celebrate Dashain in style!!
Enjoy Flat 15% OFF on everything at Vantuff, your festival fits, sorted.

#VantuffDashainSale
#Flat15Off
#CelebrateInStyle
#VantuffEssentials
#MenswearNepal
#DashainLooks
#SmartCasualDoneRight
#EverydayElevated
#NepaliMenswear
#VantuffStyle
#ShopVantuff","VANTUFF","vantuff.apparels","https://www.instagram.com/p/DO_Y-6BE0et/","0","","142","2025-09-24T16:19:51.000Z",,"VantuffDashainSale","Flat15Off","CelebrateInStyle","VantuffEssentials","MenswearNepal","DashainLooks","SmartCasualDoneRight","EverydayElevated","NepaliMenswear","VantuffStyle","ShopVantuff",,,,,,,,,,,,,,,,
"✨ Premium AD Gold-Base Necklace Set ✨
Crafted with elegance, this lightweight beauty is adjustable, flexible, and comes with colour guarantee. Perfect for those who love simple yet classy jewellery without the heaviness. 🌸

📍 Makhan(Opposite to Suraj Arcade), Newroad 
DM us to book yours now 💌

#NewShringarCollection #ADNecklace #PremiumJewellery #DashainLooks #ColourGuarantee #premiumqualityjewellerysets #fyp","NewShringarCollection","new.shringarcollection","https://www.instagram.com/p/DOx2t3bgcvP/","0","","2","2025-09-19T09:36:16.000Z",,"NewShringarCollection","ADNecklace","PremiumJewellery","DashainLooks","ColourGuarantee","premiumqualityjewellerysets","fyp",,,,,,,,,,,,,,,,,,,,
"Celebrate Dashain in Style with Pajama Sets! ✨
जहाँ संस्कृति र ट्रेन्ड हातेमालो गर्छन्।

For Order 📞 9848048372

#FestiveStyle #PajamaSetVibes #DashainLooks #TraditionMeetsTrend","Raju Collection Surkhet","rajucollectionsurkhet","https://www.instagram.com/p/DPBq_3vEgQg/","0","","2","2025-09-25T13:00:45.000Z",,"FestiveStyle","PajamaSetVibes","DashainLooks","TraditionMeetsTrend",,,,,,,,,,,,,,,,,,,,,,,
"My dear son, though distance keeps us apart this Dashain, my heart is with you always. I may not be able to bless you in person this year, but I send you all my love, prayers, and wishes for happiness, health, and success. May Goddess Durga bless you with strength to overcome all challenges and fill your life with joy and prosperity. Remember, you are always in my thoughts, especially during this sacred time. Happy Dashain, my son!
To my beloved parents, I humbly seek your blessings this Dashain, even though I cannot be with you to celebrate together. Please forgive my absence and keep me in your prayers. Your blessings mean the world to me and give me strength wherever I am. May this festival bring peace, good health, and happiness to you both. I promise to reunite soon. Happy Dashain to you, with all my love and respect. 

appydashain 
#Dashain2025 
#BijayaDashami 
#DashainTika 
#DashainVibes 
#DashainCelebration 
#NepalFestival 
#DashainOutfit 
#DashainFestival 
#Fulpati 
#Tika 
#DashainParty 
#DashainLooks 
#DashainShopping","Dilip Bista","chetridilip","https://www.instagram.com/p/DPT1qm2k3yx/","0","","11","2025-10-02T14:28:01.000Z",,"Dashain2025","BijayaDashami","DashainTika","DashainVibes","DashainCelebration","NepalFestival","DashainOutfit","DashainFestival","Fulpati","Tika","DashainParty","DashainLooks","DashainShopping",,,,,,,,,,,,,,
"#dashainlooks #sareelove 💜🦋🤩","Sneha Chhetri","sneha_chhetriiii","https://www.instagram.com/p/DPTfuIKgP55/","2","","21","2025-10-02T11:09:41.000Z",,"dashainlooks","sareelove",,,,,,,,,,,,,,,,,,,,,,,,,
"🌺❤️#ootd #dashainlooks","Suku🕊️","sweekrity_","https://www.instagram.com/p/DPWHLNaD85k/","8","","45","2025-10-03T11:32:21.000Z",,"ootd","dashainlooks",,,,,,,,,,,,,,,,,,,,,,,,,
"✨ “Festive glow in full swing 🤍✨ Our ivory-gold embroidered kurti paired with matching trousers & a handcrafted potli bag — the perfect blend of tradition and luxe detailing. A timeless look for Dashain & beyond 🌸
#FestiveElegance #PotliBag #DashainLooks #kurtiset ✨","NAYAAB","nayaab.np","https://www.instagram.com/p/DOsQYCsE1m1/","3","","74","2025-09-17T05:25:59.000Z",,"FestiveElegance","PotliBag","DashainLooks","kurtiset",,,,,,,,,,,,,,,,,,,,,,,
"“Dashain vibes with the glow of Aloe Herbal ✨ Stay radiant this festive season 🌸 #DashainLooks #AloeHerbal #FestiveGlow #SkinCareWithAloe #RadiantWithAloe”","Aloe Herbal 🌿","aloeherbalofficial","https://www.instagram.com/p/DO-RyvNDJfK/","3","","91","2025-09-24T05:23:22.000Z",,"DashainLooks","AloeHerbal","FestiveGlow","SkinCareWithAloe","RadiantWithAloe”",,,,,,,,,,,,,,,,,,,,,,
"Because Dashain makes me happier😍😍

 #dashainlooks #traditional #reels #potraitreels #reelslovers #viral #dashain #dashaintihar #kurtha","Imita Subedi","imita.subedi__","https://www.instagram.com/p/Cz3dNAYsiPB/","1","","57","2023-11-20T11:41:13.000Z",,"dashainlooks","traditional","reels","potraitreels","reelslovers","viral","dashain","dashaintihar","kurtha",,,,,,,,,,,,,,,,,,
"💎 Stylish AD Bangles 💎
Available in various colours and designs, with sizes to fit everyone. Comes with colour guarantee so you can shine for years. ✨ Pair them beautifully with different chura for your festive and wedding looks. 🌸

#NewShringarCollection #ADbangles #DashainLooks #PremiumJewellery #ColourGuarantee #FestiveStyle #WeddingEssentials #NepalJewellery #onlineshopping #fyp #newarrival #jewelleryoftheday","NewShringarCollection","new.shringarcollection","https://www.instagram.com/p/DO5mybkAbGf/","0","","2","2025-09-22T09:50:18.000Z",,"NewShringarCollection","ADbangles","DashainLooks","PremiumJewellery","ColourGuarantee","FestiveStyle","WeddingEssentials","NepalJewellery","onlineshopping","fyp","newarrival","jewelleryoftheday",,,,,,,,,,,,,,,
"Get festive with Oodni

#oodni #oodniboutique #oodnibykhushbudongol💖 #dashain #dashainlooks #kurthi #fashion #traditionalfusion #oodniNepal #instareels #instagood #instadaily #instapost #Nepal","O O D N I BY KHUSHBOO DANGOL","oodnikhushboodangol","https://www.instagram.com/p/CxsB8lTuIW2/","0","","20","2023-09-27T08:11:58.000Z",,"oodni","oodniboutique","oodnibykhushbudongol💖","dashain","dashainlooks","kurthi","fashion","traditionalfusion","oodniNepal","instareels","instagood","instadaily","instapost","Nepal",,,,,,,,,,,,,
"“This Dashain, let your outfit shine as bright as your celebrations! 🎉❤️ #DashainLooks #EthnicGlam” #snehascollection #bridal2024 #instadaily #reelsinstagram #snehasdesign #instagood #instareels","sneha's collection","snehas.collection","https://www.instagram.com/p/C_9zbxBSLLy/","1","","57","2024-09-16T05:06:46.000Z",,"DashainLooks","EthnicGlam”","snehascollection","bridal2024","instadaily","reelsinstagram","snehasdesign","instagood","instareels",,,,,,,,,,,,,,,,,,
"✨ “Dashain just got trendier! 🎉👗 New arrivals that blend tradition with chic — because this festive season, you deserve to shine the brightest. 💫 Shop the look everyone’s talking about! 💃 #DashainFit”

#Dashain2025 #NepalFashion #KathmanduTrends #ShopNepal #DashainOutfits #NepaliGirlsStyle #NepaliFashionista #OnlineShoppingNepal #TrendyNepal #KathmanduFashion #ShopaholicNepal #DashainLooks #NepalStyleDiaries #NepaliBrandLove #KathmanduGirls","Trending outfits by Essence","essence_luxurytrend","https://www.instagram.com/p/DOkhvWcAck-/","0","","55","2025-09-14T05:23:00.000Z",,"DashainFit”","Dashain2025","NepalFashion","KathmanduTrends","ShopNepal","DashainOutfits","NepaliGirlsStyle","NepaliFashionista","OnlineShoppingNepal","TrendyNepal","KathmanduFashion","ShopaholicNepal","DashainLooks","NepalStyleDiaries","NepaliBrandLove","KathmanduGirls",,,,,,,,,,,
"Your festive look deserves better than basic lashes.
Upgrade to Mimisara Glam – your new go-to for stunning eyes in MINUTES! 💁‍♀️
🎉 15% OFF our bestselling Eyelash Extension Kit – for a limited time only!

✅ Fuss-free at-home application
✅ Waterproof, cruelty-free, and festival-proof
✅ Loved by lash lovers all over Nepal 🇳🇵

💥 It’s now or never — stock is flying out!
Tap to glam up ➡️

#LashUpgrade #NepaliBeautyBrand #FestiveGlow
#GlamWithoutTheSalon #DashainLooks #TiharReady
#CrueltyFreeBeauty #BeautyOnABudget #AtHomeGlam
#MakeupNepal #MimiSaraGlow #FestivalGlamNepal
#NepaliMakeupCommunity #NaturalLashes #DashainVibes
#TiharSpecial #GlamSeason #SelfCareSeason
#BudgetBeauty #LashGoals #GlamUpNepal
#LashKitNepal #NepaliGirlsGlam #DashainDiscounts
#LashesOnPoint #ViralBeautyNepal #GlowUpNepal","Mimisara 🦄","mimisaranepal","https://www.instagram.com/p/DOxmweDiG-r/","2","","99","2025-09-19T07:15:00.000Z",,"LashUpgrade","NepaliBeautyBrand","FestiveGlow","GlamWithoutTheSalon","DashainLooks","TiharReady","CrueltyFreeBeauty","BeautyOnABudget","AtHomeGlam","MakeupNepal","MimiSaraGlow","FestivalGlamNepal","NepaliMakeupCommunity","NaturalLashes","DashainVibes","TiharSpecial","GlamSeason","SelfCareSeason","BudgetBeauty","LashGoals","GlamUpNepal","LashKitNepal","NepaliGirlsGlam","DashainDiscounts","LashesOnPoint","ViralBeautyNepal","GlowUpNepal"
"Sold out ❌❌New in 😍 Shop now and make your Dashain more special ✨ @aafreenattire_np #newin #dashainlooks","Aafreen Attire","aafreenattire_np","https://www.instagram.com/p/DOs6zRtEn0p/","0","","17","2025-09-17T11:35:43.000Z",,"newin","dashainlooks",,,,,,,,,,,,,,,,,,,,,,,,,
"👗 New arrivals thats chic — because this kathmandu streets deserves it, you deserve to shine the brightest. 💫 Shop the Dress 💃 #shopping 

#Dashain2025 #NepalFashion #KathmanduTrends #ShopNepal #DashainOutfits #NepaliGirlsStyle #NepaliFashionista #OnlineShoppingNepal #TrendyNepal #KathmanduFashion #ShopaholicNepal #DashainLooks #NepalStyleDiaries #NepaliBrandLove #KathmanduGirls","Trending outfits by Essence","essence_luxurytrend","https://www.instagram.com/p/DOs6KmNgc2A/","0","","6","2025-09-17T11:30:29.000Z",,"shopping","Dashain2025","NepalFashion","KathmanduTrends","ShopNepal","DashainOutfits","NepaliGirlsStyle","NepaliFashionista","OnlineShoppingNepal","TrendyNepal","KathmanduFashion","ShopaholicNepal","DashainLooks","NepalStyleDiaries","NepaliBrandLove","KathmanduGirls",,,,,,,,,,,
"American diamond ring in silver925 with platinum/rhodium plated✨For daily use.
Order Now!!!
.
.
.
#dhungrinepal #dhungri #royalwomen #fordailyuse #dailyusering #silver925 #platinum #rhodium #shine #love #antique #adring #shippingworldwide #royalgirls #beroyal #dashain #festivalvibes #dashainlooks","Dhungri Nepal","dhungri_nepal","https://www.instagram.com/p/CiodnNigarf/","1","","22","2022-09-18T03:03:36.000Z",,"dhungrinepal","dhungri","royalwomen","fordailyuse","dailyusering","silver925","platinum","rhodium","shine","love","antique","adring","shippingworldwide","royalgirls","beroyal","dashain","festivalvibes","dashainlooks",,,,,,,,,
"#bestfriends #dashainlooks","Ranjeeta Gautam","ranjee_gautam","https://www.instagram.com/p/DBXJKIOptHz/","2","","19","2024-10-20T21:48:43.000Z",,"bestfriends","dashainlooks",,,,,,,,,,,,,,,,,,,,,,,,,
"High quality American diamond earpiece ✨Order Now!!!
.
.
.
#dhungrinepal #dhungri #royalwomen #beroyal #ad #adring #unique #uniquejewelry #antique #antiquejewelry #love #shine #shippingworldwide #beyoutiful #fordashain #foryou #festivalvibes #dashainlooks","Dhungri Nepal","dhungri_nepal","https://www.instagram.com/p/CiVFoNwoGSV/","0","","19","2022-09-10T14:28:22.000Z",,"dhungrinepal","dhungri","royalwomen","beroyal","ad","adring","unique","uniquejewelry","antique","antiquejewelry","love","shine","shippingworldwide","beyoutiful","fordashain","foryou","festivalvibes","dashainlooks",,,,,,,,,
"Tihar Sale ✨ | Best Quality You Won’t Regret 🌸
COD & Home Delivery 🚚
Includes saree/belt/blousepiece— Grab Yours Now! 🛍️ 
#sareenepal #sareesale #sarisale #sarinepal","🇳🇵CatmandoNepal | Shop #Saree/#Lehenga/#Kurta","catmandofashionsnepal","https://www.instagram.com/p/DPlgwCsk8ZD/","0","","2","2025-10-09T11:04:29.000Z",,"sareenepal","sareesale","sarisale","sarinepal",,,,,,,,,,,,,,,,,,,,,,,
"Sari 🥻, pink colour, 1500 Rs. Nepal #sari #sarinepal #nepal #sariktm #sellsari","LajaluOutfits","lajaluoutfits","https://www.instagram.com/p/DS1M9JbgQ_P/","0","","5","2025-12-29T02:54:09.000Z",,"sari","sarinepal","nepal","sariktm","sellsari",,,,,,,,,,,,,,,,,,,,,,
"Dm for order♥️

#reels#sarinepal #nepal","Durga Maharjan","durga.maharjan.319","https://www.instagram.com/p/C1pO0bLRYnO/","1","","5","2024-01-03T16:09:16.000Z",,"reels","sarinepal","nepal",,,,,,,,,,,,,,,,,,,,,,,,
"Gorgeous Girls in Beautiful Dresses ! Get these kurtas and more with us! New Summer Collection ! ANARKALI Kurtas and Tops Available ! Readymade Blouses Available !
#viral #reels #nepalonlineshopping #readymadeblouse #nepalonlinestore #nepalkurta #kurtanepal #sarinepal #blousenepal","","elegant_designs_kathmandu","https://www.instagram.com/p/DFIRSAWyPSd/","3","","162","2025-01-22T13:16:58.000Z",,"viral","reels","nepalonlineshopping","readymadeblouse","nepalonlinestore","nepalkurta","kurtanepal","sarinepal","blousenepal",,,,,,,,,,,,,,,,,,
"Saree not sorry for mixing cultures & serving looks. Indo western set available.✨

🪞DELIVERY ALL OVER NEPAL🪞

#sanskaribyvu #kaftannepal #onlinekurthashopnepal #kurthacollectionnepal #sarinepal #ethinicwear","SANSKARIby.vu","sanskariby.vu","https://www.instagram.com/p/DO6CV_fic1k/","0","","26","2025-09-22T13:56:34.000Z",,"sanskaribyvu","kaftannepal","onlinekurthashopnepal","kurthacollectionnepal","sarinepal","ethinicwear",,,,,,,,,,,,,,,,,,,,,
"""🔥 Trending Now 🔥 Beautiful sari to make you shine this season ✨""
📌 Order Now: 9769033277
#SariNepal #FashionNepal #WomenWearNepal #NirusCollection","Niru's Collection","collectionnirus","https://www.instagram.com/p/DN-SMRMCC99/","0","","1","2025-08-30T09:00:42.000Z",,"SariNepal","FashionNepal","WomenWearNepal","NirusCollection",,,,,,,,,,,,,,,,,,,,,,,
"Brush paint Saree😍for this teej looks🎀
Colours available.
Delivery available all over nepal

#Sarinarinepal #sarinepal #nepal #fyp #kathmandu","Sarinari.nepal","sarinari.np","https://www.instagram.com/p/C-sA5JWOE8E/","1","","93","2024-08-15T10:48:06.000Z",,"Sarinarinepal","sarinepal","nepal","fyp","kathmandu",,,,,,,,,,,,,,,,,,,,,,
"Beautiful sari only at Rs1450 
Blouse piece is attached within it🏵️
Delivery all over Nepal 🇳🇵
.
.
.#sarinepal #onlineshopping #Luga_फाटो","Luga Fato","lugaa_fatoo","https://www.instagram.com/p/C9_YKfToQpJ/","0","","11","2024-07-29T02:46:13.000Z",,"sarinepal","onlineshopping","Luga_फाटो",,,,,,,,,,,,,,,,,,,,,,,,
"#kanjiveramsilksaree #onlineshoppingnepal #sarinepal #teejspecial","Reena_collection","thereena_collection","https://www.instagram.com/p/C9zzZDcSfWz/","0","","-1","2024-07-24T14:51:27.000Z",,"kanjiveramsilksaree","onlineshoppingnepal","sarinepal","teejspecial",,,,,,,,,,,,,,,,,,,,,,,
"🔥🔥HOTTEST ARRIVAL…🔥🔥
BEAUTIFUL ROSE-PETAL PRINTED SAREE WITH JARI BODER DESIGN. 😍
SOFT FABRIC , ELEGANT DESIGN, SOOTHING COLORS,COMES WITH BLOUSE, 😍
#Fashion #Style #Beauty #Saree #RosePetal #JariBorder #SoftFabric #ElegantDesign #SoothingColors #BlouseIncluded
#sarinepal#fancypartywear","AGANAYA","aganaya_fashion","https://www.instagram.com/p/C8Os1-YtFVS/","7","","1330","2024-06-15T08:30:35.000Z",,"Fashion","Style","Beauty","Saree","RosePetal","JariBorder","SoftFabric","ElegantDesign","SoothingColors","BlouseIncluded","sarinepal","fancypartywear",,,,,,,,,,,,,,,
"Beautiful nari in sariii💅

.

.

#sari #evasfashion #saree #sarinepal #traditionalfashion #modernethnic #desivibes #saristyles #fyppage","Situ","sital._._","https://www.instagram.com/p/DCcQePKOL-z/","9","","-1","2024-11-16T18:03:35.000Z",,"sari","evasfashion","saree","sarinepal","traditionalfashion","modernethnic","desivibes","saristyles","fyppage",,,,,,,,,,,,,,,,,,
"Never forget to wear your smile. It’s the most crucial thing of your get-up. #nepal #womensfashion #Fashion #sarisaristore #Blouse #sarinepal #nepalisong #nepalireels❤️","Blooming SN Handicrafts","snhandicraftsmanufacturing","https://www.instagram.com/p/CwrmIwaPNRW/","0","","2","2023-09-02T07:34:51.000Z",,"nepal","womensfashion","Fashion","sarisaristore","Blouse","sarinepal","nepalisong","nepalireels❤️",,,,,,,,,,,,,,,,,,,
"💫🎄Fue GENIAL el mercadillo navideño ayer en Barcenillas 👏🏼🤩 Gracias a todos los que nos ayudaron a llegar al marcador y por llevarnos a casa después! love love ❤️😘 
.
.
#leytederitch #batikindonesia #sarinepal #khmerfabrics #batikcollection #saticollection #khmercollection #hechoamano #artandculture #jewelry #accessories #joyas #leytederitchvibes","Leyte de Ritch","leyte_deritch","https://www.instagram.com/p/DDCVe25tAcW/","0","","10","2024-12-01T13:04:32.000Z",,"leytederitch","batikindonesia","sarinepal","khmerfabrics","batikcollection","saticollection","khmercollection","hechoamano","artandculture","jewelry","accessories","joyas","leytederitchvibes",,,,,,,,,,,,,,
"Dm to get these beautiful saris 💗

#sari #saree #thriftbyerona #thriftstorefinds #thrifting #sarinepal #saricollection #vintagesari #thrifting #reuse #recycle #restyle #refashioned","Save and Rave","thrift.by.erona","https://www.instagram.com/p/CsQRJuENg_9/","0","","33","2023-05-15T06:47:16.000Z",,"sari","saree","thriftbyerona","thriftstorefinds","thrifting","sarinepal","saricollection","vintagesari","reuse","recycle","restyle","refashioned",,,,,,,,,,,,,,,
"Embrace the elegance with our stunning new red sari collection. Handpicked and Redefine sophistication in every drape. Stay tuned for more updates!!#timelesselegance #sarinepal #sari #nepal 

📍Mahalas, Bishal Bazar

Dm for more information.","Mahalas","mahalas20","https://www.instagram.com/p/C2tzAvHtV0D/","0","","-1","2024-01-30T07:13:34.000Z",,"timelesselegance","sarinepal","sari","nepal",,,,,,,,,,,,,,,,,,,,,,,
"May the festival of Teej fill ur life with ecstasy, ensure the well-being of your spouse & children, & purify your body & soul. “A very Happy Teej….”
#nepal #womensfashion #Fashion #sarisaristore #Blouse #sarinepal #nepalisong #nepalireels 💃🌹🏵🏵🏵💞💞💞💞💞💞","Blooming SN Handicrafts","snhandicraftsmanufacturing","https://www.instagram.com/p/Cw2jWOmPPY7/","0","","1","2023-09-06T13:40:29.000Z",,"nepal","womensfashion","Fashion","sarisaristore","Blouse","sarinepal","nepalisong","nepalireels",,,,,,,,,,,,,,,,,,,
"May the festival of Teej fill ur life with ecstasy, ensure the well-being of your spouse & children, & purify your body & soul. “A very Happy Teej….”
#nepal #womensfashion #Fashion #sarisaristore #Blouse #sarinepal #nepalisong #nepalireels","Blooming SN Handicrafts","snhandicraftsmanufacturing","https://www.instagram.com/p/Cw2o1LIv7JU/","0","","1","2023-09-06T14:28:27.000Z",,"nepal","womensfashion","Fashion","sarisaristore","Blouse","sarinepal","nepalisong","nepalireels",,,,,,,,,,,,,,,,,,,
"✨ Arte hecho a mano: joyas tradicionales con historia y alma. 

🛒  https://leytederitch.etsy.com

#leytederitch #batikjewelry #traditionalfabrics #khmerstyle #khmervibes #wearart #wearculture #celebrateculture #sarinepal #nepalesefabric #fabricjewelries","Leyte de Ritch","leyte_deritch","https://www.instagram.com/p/DGSDhX2N6YD/","1","","6","2025-02-20T05:00:00.000Z",,"leytederitch","batikjewelry","traditionalfabrics","khmerstyle","khmervibes","wearart","wearculture","celebrateculture","sarinepal","nepalesefabric","fabricjewelries",,,,,,,,,,,,,,,,
"Delivery all over Nepal 💗

#sari #saree #thriftbyerona #thriftstorefinds #thrifting #sarinepal #saricollection #vintagesari #thrifting #reuse #recycle #restyle #refashionedvintage #rewearing #rewearingiscaring #reelsinstagram #reels #reelsnepal #reelsindia","Save and Rave","thrift.by.erona","https://www.instagram.com/p/CsSy7UxNaBm/","0","","32","2023-05-16T06:22:36.000Z",,"sari","saree","thriftbyerona","thriftstorefinds","thrifting","sarinepal","saricollection","vintagesari","reuse","recycle","restyle","refashionedvintage","rewearing","rewearingiscaring","reelsinstagram","reels","reelsnepal","reelsindia",,,,,,,,,
"¡Qué bonito fue compartir cultura, tejidos y sonrisas en #folkomillasfestival 💫 Gracias por apreciar y apoyar la artesanía y elegir @leyte_deritch. ¡Hasta pronto, Comillas! 

#leytederitch #batikjewelry #hechoamano #folkomillas #folkomillasfestival #madeinspain #bisuteria #artesanal #sarinepal #batikindonesia #kramacambodia #smallbusinessowner","Leyte de Ritch","leyte_deritch","https://www.instagram.com/p/DLVqw1qNh0f/","5","","32","2025-06-25T21:24:44.000Z",,"folkomillasfestival","leytederitch","batikjewelry","hechoamano","folkomillas","madeinspain","bisuteria","artesanal","sarinepal","batikindonesia","kramacambodia","smallbusinessowner",,,,,,,,,,,,,,,
